제품명,급여구분,특정연령,특정연령단위,업체명,금기연령층
아네스크림_(20g),비급여,3,개월 이하,태극제약(주),영유아
엠투카인크림_(30g),비급여,3,개월 이하,맥널티제약(주),영유아
엠에스크림_(30g),비급여,3,개월 이하,오스틴제약(주),영유아
제이프로크림_(30g),비급여,3,개월 이하,(주)비보존제약,영유아
마네신크림_(30g),비급여,3,개월 이하,(주)티디에스팜,영유아
싸이로칸정500밀리그람(염산시프로플록사신)_(0.582g/1정),비급여,18,세 미만,(주)하원제약,청소년
케이타솔로션(클로베타솔프로피오네이트)_(55mg/110mL),비급여,24,개월 미만,에이치케이이노엔(주),영유아
듀오벡스액(클로베타솔프로피오네이트)_(50mg/100g),비급여,24,개월 미만,주식회사 더유제약,영유아
클로벡스액0.05%(클로베타솔프로피오네이트)_(62.5mg/125mL),비급여,24,개월 미만,갈더마코리아(주),영유아
도모호론액0.05%(클로베타솔프로피오네이트)_(75mg/150g),비급여,24,개월 미만,㈜동구바이오제약,영유아
한국유나이티드닥티노마이신주_(0.5mg/1병),비급여,1,세 미만,한국유나이티드제약(주),영유아
삼진디클로페낙나트륨주사_(75mg/3mL),비급여,4,주 미만,삼진제약(주),소아
유니페낙주3밀리리터(디클로페낙나트륨)(수출명:Union diclofenac sodium Inj.75㎎)_(75mg/3mL),비급여,4,주 미만,한국유니온제약(주),소아
스파토민캡슐(디시클로민염산염)_(10mg/1캡슐),비급여,6,개월 이하,조아제약(주),영유아
이지정(디시클로민염산염)_(10mg/1정),비급여,6,개월 이하,신일제약(주),영유아
디에칠정(디에틸프로피온염산염)_(25mg/1정),비급여,16,세 이하,(주)인트로바이오파마,청소년
엠피온정(디에틸프로피온염산염)_(25mg/1정),비급여,16,세 이하,(주)마더스제약,청소년
디피온정(디에틸프로피온염산염)_(25mg/1정),비급여,16,세 이하,(주)바이넥스,청소년
암페몬정(디에틸프로피온염산염)_(25mg/1정),비급여,16,세 이하,조아제약(주),청소년
에닝정(디에틸프로피온염산염)_(25mg/1정),비급여,16,세 이하,태극제약(주),청소년
슬리피온정(디에틸프로피온염산염)_(25mg/1정),비급여,16,세 이하,한국휴텍스제약(주),청소년
레노씬정(디에틸프로피온염산염)_(25mg/1정),비급여,16,세 이하,명문제약(주),청소년
레폭신정(레보플록사신수화물)_(0.1g/1정),급여,18,세 이하,경동제약(주),청소년
레포신정100밀리그램(레보플록사신)_(0.1g/1정),급여,18,세 이하,신풍제약(주),청소년
코비잘나잘스프레이(모메타손푸로에이트)_(7mg/140회),급여,24,개월 미만,아주약품(주),영유아
나조타손나잘스프레이(모메타손푸로에이트)_(7mg/140회),급여,24,개월 미만,(주)동구바이오제약,영유아
비조넥스나잘스프레이(모메타손푸로에이트)_(7mg/140회),급여,24,개월 미만,하나제약(주),영유아
코에타손점비액(모메타손푸로에이트)_(7mg/140회),급여,24,개월 미만,(주)비보존제약,영유아
모노넥스점비액(모메타손푸로에이트)_(7mg/140회),급여,24,개월 미만,이연제약(주),영유아
비코넥스나잘스프레이(모메타손푸로에이트)_(7mg/140회),급여,24,개월 미만,한국프라임제약(주),영유아
모메코나잘스프레이(모메타손푸로에이트)_(7mg/140회),급여,24,개월 미만,(주)경보제약,영유아
모메씨티나잘스프레이액(모메타손푸로에이트)_(7mg/140회),급여,24,개월 미만,(주)씨티씨바이오,영유아
모메탈나잘스프레이(모메타손푸로에이트)_(7mg/140회),급여,24,개월 미만,대한뉴팜(주),영유아
코에잘스프레이(모메타손푸로에이트)_(7mg/140회),급여,24,개월 미만,(주)팜젠사이언스,영유아
알비프로나잘스프레이(모메타손푸로에이트)_(7mg/140회),급여,24,개월 미만,(주)휴온스메디텍,영유아
비알코넥스나잘스프레이(모메타손푸로에이트)_(7mg/140회),급여,24,개월 미만,(주)보령바이오파마,영유아
모메타온점비액(모메타손푸로에이트)_(7mg/140회),급여,24,개월 미만,주식회사제뉴원사이언스,영유아
네젤렉스나잘스프레이(모메타손푸로에이트)_(7mg/140회),급여,24,개월 미만,대원제약(주),영유아
코비타손나잘스프레이(모메타손푸로에이트)_(7mg/140회),급여,24,개월 미만,(주)라이트팜텍,영유아
나조메손나잘스프레이액(모메타손푸로에이트)_(7mg/140회),급여,24,개월 미만,대웅바이오(주),영유아
노메타손점비액(모메타손푸로에이트)_(7mg/140회),급여,24,개월 미만,정우신약(주),영유아
크린티손크림(모메타손푸로에이트)_(30mg/30g),급여,2,세 이하,삼천당제약(주),영유아
모메손크림(모메타손푸로에이트)_(30mg/30g),급여,2,세 이하,오스틴제약(주),영유아
더모타손엠엘이크림(모메타손푸로에이트)_(30mg/30g),급여,2,세 이하,(주)동구바이오제약,영유아
라벨리아로션(모메타손푸로에이트)_(30mg/30g),급여,2,세 이하,태극제약(주),영유아
모리코트로션(모메타손푸로에이트)_(30mg/30g),급여,2,세 이하,동광제약(주),영유아
테리손로션(모메타손푸로에이트)_(30mg/30g),급여,2,세 이하,(주)메디카코리아,영유아
코코타손로션(모메타손푸로에이트)_(30mg/30g),급여,2,세 이하,한국휴텍스제약(주),영유아
더모타손엠엘이로션(모메타손푸로에이트)_(30mg/30g),급여,2,세 이하,(주)동구바이오제약,영유아
큐어덤로션(모메타손푸로에이트)_(30mg/30g),급여,2,세 이하,위더스제약(주),영유아
프로몬로션(모메타손푸로에이트)_(30mg/30g),급여,2,세 이하,(주)제뉴파마,영유아
라벨리아로션(모메타손푸로에이트)_(50mg/50g),급여,2,세 이하,태극제약(주),영유아
모멘타로션(모메타손푸로에이트)_(60mg/60g),급여,2,세 이하,주식회사 더유제약,영유아
모타손로션(모메타손푸로에이트)_(60mg/60g),급여,2,세 이하,(주)휴비스트제약,영유아
테뉴에이트정(디에틸프로피온염산염)_(25mg/1정),비급여,16,세 이하,알보젠코리아(주),청소년
엘피온정25밀리그램(디에틸프로피온염산염)_(25mg/1정),비급여,16,세 이하,(주)한국파마,청소년
웰피온정(디에틸프로피온염산염)_(25mg/1정),비급여,16,세 이하,(주)휴온스,청소년
레피온정(디에틸프로피온염산염)_(25mg/1정),비급여,16,세 이하,(주)제뉴파마,청소년
카조라정2mg(독사조신메실산염)_(2.43mg/1정),비급여,12,세 이하,미래바이오제약㈜,소아
뉴로자핀정2.5밀리그램(올란자핀)_(2.5mg/1정),급여,13,세 미만,명인제약(주),청소년
자이레핀정2.5밀리그램(올란자핀)_(2.5mg/1정),급여,13,세 미만,환인제약(주),청소년
산도스올란자핀정2.5밀리그램_(2.5mg/1정),급여,13,세 미만,한국산도스(주),청소년
피엠에스올란자핀정2.5밀리그램(올란자핀)_(2.5mg/1정),급여,13,세 미만,(주)제뉴파마,청소년
테바올란자핀정15밀리그램_(15mg/1정),급여,13,세 미만,(주)한독테바,청소년
오코돈서방정40밀리그램(옥시코돈염산염)_(40mg/1정),급여,18,세 미만,하나제약(주),청소년
옥시콘틴서방정40밀리그램(옥시코돈염산염)_(40mg/1정),급여,18,세 미만,한국먼디파마유한회사,청소년
아이알코돈정10밀리그램(옥시코돈염산염)_(10mg/1정),급여,18,세 미만,유니메드제약(주),청소년
오코돈정10밀리그램(옥시코돈염산염)_(10mg/1정),급여,18,세 미만,하나제약(주),청소년
오코돈서방정10밀리그램(옥시코돈염산염)_(10mg/1정),급여,18,세 미만,하나제약(주),청소년
옥시콘틴서방정10밀리그램(옥시코돈염산염)_(10mg/1정),급여,18,세 미만,한국먼디파마유한회사,청소년
아이알코돈정20밀리그램(옥시코돈염산염)_(20mg/1정),급여,18,세 미만,유니메드제약(주),청소년
오코돈서방정20밀리그램(옥시코돈염산염)_(20mg/1정),급여,18,세 미만,하나제약(주),청소년
옥시콘틴서방정20밀리그램(옥시코돈염산염)_(20mg/1정),급여,18,세 미만,한국먼디파마유한회사,청소년
아이알코돈정5밀리그램(옥시코돈염산염)_(5mg/1정),급여,18,세 미만,유니메드제약(주),청소년
"오코돈정_(옥시코돈염산염, 5mg/1정)",급여,18,세 미만,하나제약(주),청소년
옥시콘틴서방정80mg(옥시코돈염산염)_(80mg/1정),급여,18,세 미만,한국먼디파마유한회사,청소년
오코돈주사10mg/mL(옥시코돈염산염)_(10mg/1mL),급여,18,세 미만,하나제약(주),청소년
옥시넘주사10mg/ml(옥시코돈염산염)_(10mg/1mL),급여,18,세 미만,한국먼디파마유한회사,청소년
오코돈주사10mg/mL(옥시코돈염산염)_(20mg/2mL),급여,18,세 미만,하나제약(주),청소년
옥시넘주사10mg/ml(옥시코돈염산염)_(20mg/2mL),급여,18,세 미만,한국먼디파마유한회사,청소년
보트리엔트정200밀리그램(파조파닙염산염)_(0.2167g/1정),급여,2,세 미만,한국노바티스(주),영유아
보트리엔트정400밀리그램(파조파닙염산염)_(0.4334g/1정),급여,2,세 미만,한국노바티스(주),영유아
명인페르페나진정4밀리그램_(4mg/1정),급여,14,세 이하,명인제약(주),청소년
벤팍신서방캡슐37.5밀리그램(벤라팍신염산염)_(42.42mg/1캡슐),급여,18,세 미만,영진약품(주),청소년
베넥사엑스알서방캡슐37.5밀리그램(벤라팍신염산염)_(42.42mg/1캡슐),급여,18,세 미만,한림제약(주),청소년
벤라팩트서방캡슐37.5mg(벤라팍신염산염)_(42.42mg/1캡슐),급여,18,세 미만,삼천당제약(주),청소년
코팩사엑스알서방캡슐37.5mg(벤라팍신염산염)_(42.42mg/1캡슐),급여,18,세 미만,명인제약(주),청소년
파마벤라팍신서방캡슐37.5밀리그램(벤라팍신염산염)_(42.42mg/1캡슐),급여,18,세 미만,(주)한국파마,청소년
베라칸서방캡슐37.5밀리그램(벤라팍신염산염)_(42.42mg/1캡슐),급여,18,세 미만,대웅바이오(주),청소년
일성이?틴서방정180밀리그람(베라파밀염산염)_(0.18g/1정),급여,24,개월 미만,일성신약(주),영유아
일성이?틴서방정240밀리그람(베라파밀염산염)_(0.24g/1정),급여,24,개월 미만,일성신약(주),영유아
일성이?틴정40밀리그램(베라파밀염산염)_(40mg/1정),급여,24,개월 미만,일성신약(주),영유아
일성이?틴정80밀리그램(베라파밀염산염)_(80mg/1정),급여,24,개월 미만,일성신약(주),영유아
일성이?틴주사(베라파밀염산염)_(5mg/2mL),급여,24,개월 미만,일성신약(주),영유아
브린텔릭스정5밀리그램(보티옥세틴브롬화수소산염)_(6.355mg/1정),급여,18,세 미만,한국룬드벡(주),청소년
브린텔릭스정10밀리그램(보티옥세틴브롬화수소산염)_(12.71mg/1정),급여,18,세 미만,한국룬드벡(주),청소년
브린텔릭스정20밀리그램(보티옥세틴브롬화수소산염)_(25.42mg/1정),급여,18,세 미만,한국룬드벡(주),청소년
자보란테정(자보플록사신D-아스파르트산염수화물)_(0.51298g/1정),급여,18,세 미만,동화약품(주),청소년
졸피움정(졸피뎀타르타르산염)_(10mg/1정),급여,18,세 미만,고려제약(주),청소년
아네스크림_(50g),비급여,3,개월 이하,태극제약(주),영유아
롱엠씨크림_(500g),비급여,3,개월 이하,주식회사 더유제약,영유아
뷰티카인크림_(500g),비급여,3,개월 이하,(주)휴비스트제약,영유아
엠투카인크림_(500g),비급여,3,개월 이하,맥널티제약(주),영유아
아네스크림_(500g),비급여,3,개월 이하,태극제약(주),영유아
듀카인크림_(500g),비급여,3,개월 이하,에이프로젠제약(주),영유아
프리오칸5%크림_(500g),비급여,3,개월 이하,대화제약(주),영유아
엠에스크림_(500g),비급여,3,개월 이하,오스틴제약(주),영유아
제이프로크림_(500g),비급여,3,개월 이하,(주)비보존제약,영유아
리쥬셀플러스크림_(500g),비급여,3,개월 이하,(주)팜젠사이언스,영유아
엔카인크림_(500g),비급여,3,개월 이하,주식회사제뉴원사이언스,영유아
리도나크림_(500g),비급여,3,개월 이하,크리스탈생명과학(주),영유아
박토랄정_(1정),비급여,2,개월 미만,에이프로젠제약(주),영유아
라세카캡슐100밀리그램(라세카도트릴)_(0.1g/1캡슐),비급여,3,개월 미만,영진약품(주),영유아
하이드라섹캡슐100mg(라세카도트릴)_(0.1g/1캡슐),비급여,3,개월 미만,한국애보트(유),영유아
자이데나정75밀리그램(유데나필)_(75mg/1정),비급여,18,세 이하,동아에스티(주),청소년
타이레놀산500밀리그램(아세트아미노펜)_(0.555556g/1포),비급여,12,세 미만,한국존슨앤드존슨판매(유),소아
트리스펜8시간이알서방정(아세트아미노펜)_(0.65g/1정),비급여,12,세 미만,동화약품(주),소아
알젠탈정(알벤다졸)(수출명:AlbendazoleTablets200밀리그람)_(0.2g/1정),비급여,2,세 미만,신풍제약(주),영유아
제일알벤다졸정_(0.4g/1정),비급여,2,세 미만,제일헬스사이언스(주),영유아
순삭정(알벤다졸)_(0.4g/1정),비급여,2,세 미만,코스맥스파마(주),영유아
알젠다졸정(알벤다졸)_(0.4g/1정),비급여,2,세 미만,주식회사 더유제약,영유아
지벤다졸정(알벤다졸)_(0.4g/1정),비급여,2,세 미만,(주)아리제약,영유아
올싹정(알벤다졸)_(0.4g/1정),비급여,2,세 미만,(주)유앤생명과학,영유아
알싹정(알벤다졸)_(0.4g/1정),비급여,2,세 미만,(주)한국파비스제약,영유아
유니독시캅셀(독시사이클린수화물)_(0.1g/1캡슐),비급여,12,세 미만,(주)마더스제약,소아
포린피아정(독시라민숙신산염)_(25mg/1정),비급여,15,세 이하,(주)한국파비스제약,청소년
자멘쏙정(독시라민숙신산염)_(25mg/1정),비급여,15,세 이하,일양약품(주),청소년
자믹정(독시라민숙신산염)_(25mg/1정),비급여,15,세 이하,삼익제약(주),청소년
잠피아정(독시라민숙신산염)_(25mg/1정),비급여,15,세 이하,조아제약(주),청소년
자미슬정(독시라민숙신산염)_(25mg/1정),비급여,15,세 이하,태극제약(주),청소년
자비론정(독시라민숙신산염)_(25mg/1정),비급여,15,세 이하,(주)씨엠지제약,청소년
스메르정(독시라민숙신산염)_(25mg/1정),비급여,15,세 이하,지엘파마(주),청소년
아졸정(독시라민석시네이트)_(25mg/1정),비급여,15,세 이하,알파제약(주),청소년
아론정(독시라민숙신산염)_(25mg/1정),비급여,15,세 이하,알리코제약(주),청소년
두타온연질캡슐0.5밀리그램(두타스테리드)_(0.5mg/1캡슐),비급여,18,세 미만,맥널티제약(주),청소년
에이두타연질캡슐0.5밀리그램(두타스테리드)_(0.5mg/1캡슐),비급여,18,세 미만,안국약품(주),청소년
아다모연질캡슐0.5밀리그램(두타스테리드)_(0.5mg/1캡슐),비급여,18,세 미만,한올바이오파마(주),청소년
두타윈연질캡슐0.5밀리그램(두타스테리드)_(0.5mg/1캡슐),비급여,18,세 미만,(유)한풍제약,청소년
두리스연질캡슐0.5밀리그램(두타스테리드)_(0.5mg/1캡슐),비급여,18,세 미만,(주)시어스제약,청소년
모모다트정(두타스테리드)_(0.5mg/1정),비급여,18,세 미만,(주)인트로바이오파마,청소년
모벤두타정0.5밀리그램(두타스테리드)_(0.5mg/1정),비급여,18,세 미만,주식회사다나젠,청소년
두타엠정0.5밀리그램(두타스테리드)_(0.5mg/1정),비급여,18,세 미만,(주)이든파마,청소년
두아모정(두타스테리드)_(0.5mg/1정),비급여,18,세 미만,광동제약(주),청소년
원투스테리드정0.5mg(두타스테리드)_(0.5mg/1정),비급여,18,세 미만,한국휴텍스제약(주),청소년
휴메리나정0.5밀리그램(두타스테리드)_(0.5mg/1정),비급여,18,세 미만,(주)휴온스,청소년
두타모아정0.5밀리그램(두타스테리드)_(0.5mg/1정),비급여,18,세 미만,제이더블유생명과학(주),청소년
조피타정1밀리그램(에스조피클론)_(1mg/1정),비급여,18,세 미만,환인제약(주),청소년
조피타정2밀리그램(에스조피클론)_(2mg/1정),비급여,18,세 미만,환인제약(주),청소년
조피타정3밀리그램(에스조피클론)_(3mg/1정),비급여,18,세 미만,환인제약(주),청소년
액틱구강정1200마이크로그램(구연산펜타닐)_(1.8852mg/1정),비급여,18,세 미만,현대약품(주),청소년
엘리델크림1%(피메크로리무스)_(0.1g/10g),급여,2,세 미만,한국메나리니(주),영유아
엘리델크림1%(피메크로리무스)_(0.3g/30g),급여,2,세 미만,한국메나리니(주),영유아
지엘피록시캄캡슐10밀리그램_(10mg/1캡슐),급여,80,세 이상,지엘파마(주),기타
필로젠정10밀리그람(피록시캄)_(10mg/1정),급여,80,세 이상,(주)제뉴파마,기타
지엘피록시캄캡슐20밀리그램_(20mg/1캡슐),급여,80,세 이상,지엘파마(주),기타
필로젠정(피록시캄)_(20mg/1정),급여,80,세 이상,(주)제뉴파마,기타
대한피록시캄주_(20mg/1mL),급여,4,주 미만,대한약품공업(주),소아
대한피록시캄주_(20mg/1mL),급여,80,세 이상,대한약품공업(주),기타
대화피록시캄주(피록시캄)(수출명:PIC-20INJ.)_(20mg/1mL),급여,4,주 미만,대화제약(주),소아
대화피록시캄주(피록시캄)(수출명:PIC-20INJ.)_(20mg/1mL),급여,80,세 이상,대화제약(주),기타
로감주사(피록시캄)_(20mg/1mL),급여,4,주 미만,동광제약(주),소아
로감주사(피록시캄)_(20mg/1mL),급여,80,세 이상,동광제약(주),기타
유영피록시캄근육주사_(20mg/1mL),급여,4,주 미만,(주)유영제약,소아
유영피록시캄근육주사_(20mg/1mL),급여,80,세 이상,(주)유영제약,기타
로시덴주(피록시캄)_(20mg/1mL),급여,4,주 미만,신풍제약(주),소아
로시덴주(피록시캄)_(20mg/1mL),급여,80,세 이상,신풍제약(주),기타
솔루캄주사(피록시캄)_(20mg/1mL),급여,4,주 미만,아주약품(주),소아
솔루캄주사(피록시캄)_(20mg/1mL),급여,80,세 이상,아주약품(주),기타
위더스피록시캄주사액_(20mg/1mL),급여,4,주 미만,위더스제약(주),소아
위더스피록시캄주사액_(20mg/1mL),급여,80,세 이상,위더스제약(주),기타
로녹신주(피록시캄)PRIME-PIROCAMInj._(20mg/1mL),급여,4,주 미만,한국프라임제약(주),소아
로녹신주(피록시캄)PRIME-PIROCAMInj._(20mg/1mL),급여,80,세 이상,한국프라임제약(주),기타
이본덴스정(이반드론산나트륨일수화물)_(0.16875g/1정),급여,18,세 이하,조아제약(주),청소년
본제닉정150밀리그램(이반드론산나트륨일수화물)_(0.16875g/1정),급여,18,세 이하,제일약품(주),청소년
본비바정150밀리그램(이반드론산나트륨일수화물)_(0.16875g/1정),급여,18,세 이하,제일약품(주),청소년
이본드로정(이반드론산나트륨일수화물)_(0.16875g/1정),급여,18,세 이하,대화제약(주),청소년
동광이반드론산정150밀리그램(이반드론산나트륨일수화물)_(0.16875g/1정),급여,18,세 이하,동광제약(주),청소년
보니엠정150밀리그램(이반드론산나트륨일수화물)_(0.16875g/1정),급여,18,세 이하,신풍제약(주),청소년
이브본정150mg(이반드론산나트륨일수화물)_(0.16875g/1정),급여,18,세 이하,(주)씨엠지제약,청소년
유니본정(이반드론산나트륨수화물)_(0.16875g/1정),급여,18,세 이하,유니메드제약(주),청소년
이바테론정150mg(이반드론산나트륨일수화물)_(0.16875g/1정),급여,18,세 이하,삼천당제약(주),청소년
아나본정150밀리그램(이반드론산나트륨일수화물)_(0.16875g/1정),급여,18,세 이하,아주약품(주),청소년
이반드론정(이반드론산나트륨일수화물)_(0.16875g/1정),급여,18,세 이하,알리코제약(주),청소년
프로이반정150밀리그램(이반드론산나트륨일수화물)_(0.16875g/1정),급여,18,세 이하,환인제약(주),청소년
하니반정150밀리그램(이반드론산나트륨일수화물)_(0.16875g/1정),급여,18,세 이하,하나제약(주),청소년
본가드정150밀리그램(이반드론산나트륨일수화물)_(0.16875g/1정),급여,18,세 이하,(주)다림바이오텍,청소년
경보이반드로네이트정(이반드론산나트륨일수화물)_(0.16875g/1정),급여,18,세 이하,(주)경보제약,청소년
이바넬정(이반드론산나트륨일수화물)_(0.16875g/1정),급여,18,세 이하,구주제약(주),청소년
본비스정150밀리그램(이반드론산나트륨일수화물)_(0.16875g/1정),급여,18,세 이하,(주)팜젠사이언스,청소년
오스맥정150밀리그램(이반드론산나트륨일수화물)_(0.16875g/1정),급여,18,세 이하,초당약품공업(주),청소년
본단정(이반드론산나트륨일수화물)_(0.16875g/1정),급여,18,세 이하,주식회사제뉴원사이언스,청소년
드로반정150밀리그램(이반드론산나트륨일수화물)_(0.16875g/1정),급여,18,세 이하,(주)한국피엠지제약,청소년
이반드렌정150밀리그램(이반드론산나트륨일수화물)_(0.16875g/1정),급여,18,세 이하,(주)테라젠이텍스,청소년
이반네이트정150밀리그램(이반드론산나트륨일수화물)_(0.16875g/1정),급여,18,세 이하,국제약품(주),청소년
유유이반드론산나트륨정150밀리그램(이반드론산나트륨일수화물)_(0.16875g/1정),급여,18,세 이하,(주)유유제약,청소년
이반트론주(이반드론산나트륨일수화물)_(3.375mg/3mL),급여,18,세 이하,(주)유앤생명과학,청소년
레포신주(레보플록사신)_(0.75g/150mL),급여,18,세 이하,신풍제약(주),청소년
렉타신주(레보플록사신수화물)_(0.76869g/150mL),급여,18,세 이하,유니메드제약(주),청소년
프로신주(레보플록사신수화물)_(0.76869g/150mL),급여,18,세 이하,한국유니온제약(주),청소년
프로신주(레보플록사신수화물)_(0.76869g/150mL),급여,18,세 이하,한국유니온제약(주),청소년
"제이더블유레보플록사신주_(레보플록사신½수화물, 0.75g/150mL)",급여,18,세 이하,제이더블유생명과학(주),청소년
레보리스주(레보플록사신수화물)_(0.76869g/150mL),급여,18,세 이하,(주)라이트팜텍,청소년
레보투정100밀리그램(레보플록사신수화물)_(0.10249g/1정),급여,18,세 이하,코스맥스파마(주),청소년
레보에프정(레보플록사신)_(0.1g/1정),급여,18,세 이하,주식회사 더유제약,청소년
레보플신정(레보플록사신수화물)_(0.1g/1정),급여,18,세 이하,대원바이오텍주식회사,청소년
레보프사정100밀리그램(레보플록사신수화물)_(0.10249g/1정),급여,18,세 이하,주식회사케이에스제약,청소년
리플록신정100밀리그램(레보플록사신수화물)_(0.1g/1정),급여,18,세 이하,건일바이오팜주식회사,청소년
레보프신정(레보플록사신수화물)_(0.10249g/1정),급여,18,세 이하,(주)마더스제약,청소년
나조넥스나잘스프레이(모메타손푸로에이트)_(7mg/140회),급여,24,개월 미만,한국오가논(주),영유아
모베타스프레이(모메타손푸로에이트)_(7mg/140회),급여,24,개월 미만,(주)마더스제약,영유아
모타넥스나잘스프레이(모메타손푸로에이트)_(7mg/140회),급여,24,개월 미만,(주)일화,영유아
나조메가나잘스프레이(모메타손푸로에이트)_(7mg/140회),급여,24,개월 미만,(주)대웅제약,영유아
보령모메타손스프레이(모메타손푸로에이트)_(7mg/140회),급여,24,개월 미만,(주)보령,영유아
나자케어나잘스프레이액(모메타손푸로에이트일수화물)_(7.238mg/140회),급여,24,개월 미만,(주)유한양행,영유아
삼성모메타손나잘스프레이액(모메타손푸로에이트)_(7mg/140회),급여,24,개월 미만,삼성제약(주),영유아
모나손나잘스프레이(모메타손푸로에이트)_(7mg/140회),급여,24,개월 미만,영진약품(주),영유아
모니타존나잘스프레이(모메타손푸로에이트)_(7mg/140회),급여,24,개월 미만,일동제약(주),영유아
라니넥스나잘스프레이(모메타손푸로에이트)_(7mg/140회),급여,24,개월 미만,(주)바이넥스,영유아
모테손나잘스프레이(모메타손푸로에이트)_(7mg/140회),급여,24,개월 미만,한미약품(주),영유아
나조큐어나잘스프레이(모메타손푸로에이트)_(7mg/140회),급여,24,개월 미만,국제약품(주),영유아
라이넥스나잘스프레이(모메타손푸로에이트)_(7mg/140회),급여,24,개월 미만,삼일제약(주),영유아
잘코넥스나잘스프레이(모메타손푸로에이트)_(7mg/140회),급여,24,개월 미만,제이더블유신약(주),영유아
더미손크림(모메타손푸로에이트)_(15mg/15g),급여,2,세 이하,(주)한국파마,영유아
모메손크림(모메타손푸로에이트)_(15mg/15g),급여,2,세 이하,오스틴제약(주),영유아
모메코트크림(모메타손푸로에이트)_(15mg/15g),급여,2,세 이하,(주)퍼슨,영유아
피엘타손크림(모메타손푸로에이트)_(15mg/15g),급여,2,세 이하,이연제약(주),영유아
모멘타손크림(모메타손푸로에이트)_(15mg/15g),급여,2,세 이하,(주)다산제약,영유아
유유코잘넥스나잘스프레이(모메타손푸로에이트)_(7mg/140회),급여,24,개월 미만,(주)유유제약,영유아
모리타손점비액(모메타손푸로에이트)_(7mg/140회),급여,24,개월 미만,조아제약(주),영유아
에이프로젠나잘스프레이(모메타손푸로에이트)_(7mg/140회),급여,24,개월 미만,(주)에이프로젠바이오로직스,영유아
보니반주(이반드론산나트륨일수화물)_(3.375mg/3mL),급여,18,세 이하,주식회사케이에스제약,청소년
프레타손크림(모메타손푸로에이트)_(10mg/10g),급여,2,세 이하,대화제약(주),영유아
"모리코트크림_(모메타손푸로에이트, 10mg/10g)",급여,2,세 이하,동광제약(주),영유아
테리손크림(모메타손푸로에이트)_(10mg/10g),급여,2,세 이하,(주)메디카코리아,영유아
에로콤크림(모메타손푸로에이트)_(15mg/15g),급여,2,세 이하,한국오가논(주),영유아
더메타손크림(푸로산모메타손)_(15mg/15g),급여,2,세 이하,(주)화이트생명과학,영유아
케이제로타손크림(모메타손푸로에이트)_(15mg/15g),급여,2,세 이하,에이치케이이노엔(주),영유아
인푸라크림(모메타손푸로에이트)_(15mg/15g),급여,2,세 이하,(주)바이넥스,영유아
모메탄크림(모메타손푸로에이트)_(15mg/15g),급여,2,세 이하,(주)에이프로젠바이오로직스,영유아
모메덤크림(모메타손푸로에이트)_(15mg/15g),급여,2,세 이하,제이더블유생명과학(주),영유아
모메타뉴크림(모메타손푸로에이트)_(15mg/15g),급여,2,세 이하,(주)시어스제약,영유아
모멘타크림(모메타손푸로에이트)_(20mg/20g),급여,2,세 이하,주식회사 더유제약,영유아
하이록신정100mg(레보플록사신수화물)_(0.1g/1정),급여,18,세 이하,(주)화이트생명과학,청소년
휴록사신정100mg(레보플록사신수화물)_(0.10249g/1정),급여,18,세 이하,(주)휴비스트제약,청소년
레보플로정(레보플록사신수화물)_(0.1g/1정),급여,18,세 이하,(주)이든파마,청소년
"레사신정(레보플록사신수화물)(수출명:LESACIN,LENTACIN)_(0.1g/1정)",급여,18,세 이하,(주)일화,청소년
대웅레보플록사신정100밀리그램(레보플록사신수화물)_(0.1g/1정),급여,18,세 이하,(주)대웅제약,청소년
노팍신정(레보플록사신수화물)_(0.1g/1정),급여,18,세 이하,일양약품(주),청소년
레보미신정(레보플록사신)_(0.1g/1정),급여,18,세 이하,(주)유한양행,청소년
레보펙신정(레보플록사신수화물)_(0.1g/1정),급여,18,세 이하,일동제약(주),청소년
레보트라정(레보플록사신수화물)_(0.1g/1정),급여,18,세 이하,(주)바이넥스,청소년
동성레보플록사신정(레보플록사신수화물)_(0.1g/1정),급여,18,세 이하,동성제약(주),청소년
레복사신정100밀리그램(레보플록사신수화물)_(0.1g/1정),급여,18,세 이하,한미약품(주),청소년
레보카신정(레보플록사신수화물)_(0.1g/1정),급여,18,세 이하,국제약품(주),청소년
나자티브나잘스프레이(모메타손푸로에이트)_(7mg/140회),급여,24,개월 미만,한림제약(주),영유아
나조크린나잘스프레이(모메타손푸로에이트)_(7mg/140회),급여,24,개월 미만,제일약품(주),영유아
리노넥스나잘스프레이(모메타손푸로에이트)_(7mg/140회),급여,24,개월 미만,삼아제약(주),영유아
나조코비나잘스프레이(모메타손푸로에이트)_(7mg/140회),급여,24,개월 미만,동광제약(주),영유아
코메타손나잘스프레이(모메타손푸로에이트)_(7mg/140회),급여,24,개월 미만,한국코러스(주),영유아
모메원점비액(모메타손푸로에이트)_(7mg/140회),급여,24,개월 미만,에이치엘비제약(주),영유아
아라넥스나잘스프레이액(모메타손푸로에이트)_(7mg/140회),급여,24,개월 미만,삼진제약(주),영유아
나코드린나잘스프레이(모메타손푸로에이트)_(7mg/140회),급여,24,개월 미만,경동제약(주),영유아
코비넥스나잘스프레이(모메타손푸로에이트)_(7mg/140회),급여,24,개월 미만,신풍제약(주),영유아
씨엠지나조나잘스프레이(모메타손푸로에이트)_(7mg/140회),급여,24,개월 미만,(주)씨엠지제약,영유아
코코나잘스프레이(모메타손푸로에이트)_(7mg/140회),급여,24,개월 미만,한국휴텍스제약(주),영유아
알러나잘스프레이(모메타손푸로에이트)_(7mg/140회),급여,24,개월 미만,유니메드제약(주),영유아
나리넥스점비액(모메타손푸로에이트)_(7mg/140회),급여,24,개월 미만,삼천당제약(주),영유아
안티런점비액(모메타손푸로에이트)_(7mg/140회),급여,24,개월 미만,(주)하원제약,영유아
나자타손나잘스프레이(모메타손푸로에이트)_(7mg/140회),급여,24,개월 미만,알보젠코리아(주),영유아
모메트나잘스프레이(모메타손푸로에이트)_(7mg/140회),급여,24,개월 미만,동국제약(주),영유아
나조메타나잘스프레이(모메타손푸로에이트)_(7mg/140회),급여,24,개월 미만,신일제약(주),영유아
모멘타솔크림(모메타손푸로에이트)_(20mg/20g),급여,2,세 이하,(주)엘앤씨바이오,영유아
라벨리아크림(모메타손푸로에이트)_(20mg/20g),급여,2,세 이하,태극제약(주),영유아
메타손크림(모메타손푸로에이트)_(20mg/20g),급여,2,세 이하,한국코러스(주),영유아
큐모타손크림(모메타손푸로에이트)_(20mg/20g),급여,2,세 이하,풍림무약(주),영유아
모메솔크림(모메타손푸로에이트)_(20mg/20g),급여,2,세 이하,성원애드콕제약(주),영유아
모메스킨크림(모메타손푸로에이트)_(20mg/20g),급여,2,세 이하,(주)경보제약,영유아
큐메타손크림(모메타손푸로에이트)_(20mg/20g),급여,2,세 이하,주식회사큐엘파마,영유아
프로몬크림(모메타손푸로에이트)_(20mg/20g),급여,2,세 이하,(주)제뉴파마,영유아
메이손크림(모메타손푸로에이트)_(20mg/20g),급여,2,세 이하,(주)테라젠이텍스,영유아
모멘타연고(모메타손푸로에이트)_(20mg/20g),급여,2,세 이하,주식회사 더유제약,영유아
큐어덤로션(푸로산모메타손)_(20mg/20g),급여,2,세 이하,위더스제약(주),영유아
라벨리아크림(모메타손푸로에이트)_(25mg/25g),급여,2,세 이하,태극제약(주),영유아
에이치엘비모메타손크림(모메타손푸로에이트)_(25mg/25g),급여,2,세 이하,에이치엘비제약(주),영유아
모타손크림(모메타손푸로에이트)_(30mg/30g),급여,2,세 이하,(주)휴비스트제약,영유아
모메탄크림(모메타손푸로에이트)_(30mg/30g),급여,2,세 이하,(주)에이프로젠바이오로직스,영유아
"모리코트크림_(모메타손푸로에이트, 30mg/30g)",급여,2,세 이하,동광제약(주),영유아
라이록사신정(레보플록사신수화물)_(0.1g/1정),급여,18,세 이하,제이더블유신약(주),청소년
레보프록신정(레보플록사신)_(0.1g/1정),급여,18,세 이하,(주)에이프로젠바이오로직스,청소년
제일크라비트정(레보플록사신)_(0.1g/1정),급여,18,세 이하,제일약품(주),청소년
카바스타정(레보플록사신수화물)_(0.1g/1정),급여,18,세 이하,대화제약(주),청소년
레펙신정(레보플록사신수화물)_(0.1g/1정),급여,18,세 이하,동광제약(주),청소년
레록신정(레보플록사신수화물)_(0.1g/1정),급여,18,세 이하,(주)메디카코리아,청소년
네보락신정(레보플록사신수화물)_(0.1g/1정),급여,18,세 이하,(주)뉴젠팜,청소년
레보건정100밀리그램(레보플록사신수화물)_(0.1g/1정),급여,18,세 이하,건일제약(주),청소년
레보타신정100밀리그램(레보플록사신수화물)_(0.10249g/1정),급여,18,세 이하,한국코러스(주),청소년
레플로신정100밀리그램(레보플록사신수화물)_(0.10249g/1정),급여,18,세 이하,에이치엘비제약(주),청소년
라벨리아로션(모메타손푸로에이트)_(60mg/60g),급여,2,세 이하,태극제약(주),영유아
테리손로션(모메타손푸로에이트)_(60mg/60g),급여,2,세 이하,(주)메디카코리아,영유아
큐모타손로션(모메타손푸로에이트)_(60mg/60g),급여,2,세 이하,풍림무약(주),영유아
크라프록신정100mg(레보플록사신수화물)_(0.1g/1정),급여,18,세 이하,한국휴텍스제약(주),청소년
레보파정(레보플록사신수화물)(수출명:VOLEXINTABLET)_(0.1g/1정),급여,18,세 이하,영일제약(주),청소년
레보푸라신정(레보플록사신수화물)_(0.1g/1정),급여,18,세 이하,명문제약(주),청소년
레보스타정(레보플록사신)_(0.10249g/1정),급여,18,세 이하,삼천당제약(주),청소년
레크로신정(레보플록사신수화물)_(0.1g/1정),급여,18,세 이하,한화제약(주),청소년
레보탐정(레보플록사신)_(0.1g/1정),급여,18,세 이하,알보젠코리아(주),청소년
레보박터정(레보플록사신)_(0.1g/1정),급여,18,세 이하,(주)서울제약,청소년
레브록신정(레보플록사신수화물)_(0.10249g/1정),급여,18,세 이하,(주)한국파마,청소년
레보라신정(레보플록사신수화물)_(0.1g/1정),급여,18,세 이하,동국제약(주),청소년
크록사신정(레보플록사신수화물)_(0.1g/1정),급여,18,세 이하,아주약품(주),청소년
레프로신정(레보플록사신수화물)_(0.1g/1정),급여,18,세 이하,영풍제약(주),청소년
레폭사신정(레보플록사신)(수출명:LEFOXACINTablet)_(0.1g/1정),급여,18,세 이하,(주)넥스팜코리아,청소년
마이셀타캡슐60밀리그램(둘록세틴염산염)_(67.3mg/1캡슐),급여,18,세 미만,(주)한국파마,청소년
둘세린캡슐60밀리그램(둘록세틴염산염)_(67.3mg/1캡슐),급여,18,세 미만,동국제약(주),청소년
듀로셉톨캡슐60밀리그램(둘록세틴염산염)_(67.29mg/1캡슐),급여,18,세 미만,환인제약(주),청소년
듀로스캡슐60밀리그램(둘록세틴염산염)_(67.3mg/1캡슐),급여,18,세 미만,하나제약(주),청소년
심발타캡슐60밀리그램(둘록세틴염산염)_(67.3mg/1캡슐),급여,18,세 미만,한국릴리(유),청소년
심발세틴캡슐60밀리그램(둘록세틴염산염)_(0.337g/1캡슐),급여,18,세 미만,(주)다산제약,청소년
둘세틴캡슐60밀리그램(둘록세틴염산염)_(67.3mg/1캡슐),급여,18,세 미만,(주)한국글로벌제약,청소년
쥴로틴캡슐60밀리그램(둘록세틴염산염)_(67.3mg/1캡슐),급여,18,세 미만,(주)셀트리온제약,청소년
피엠에스둘록세틴캡슐60mg(둘록세틴염산염)_(67.3mg/1캡슐),급여,18,세 미만,(주)제뉴파마,청소년
둘록사정60밀리그램(둘록세틴염산염)_(67.3mg/1정),급여,18,세 미만,일동제약(주),청소년
아보투윈연질캡슐0.5밀리그램(두타스테리드)_(0.5mg/1캡슐),급여,18,세 미만,코스맥스파마(주),청소년
두모보연질캡슐0.5밀리그램(두타스테리드)_(0.5mg/1캡슐),급여,18,세 미만,건일바이오팜주식회사,청소년
아보엠연질캡슐0.5밀리그램(두타스테리드)_(0.5mg/1캡슐),급여,18,세 미만,(주)마더스제약,청소년
자이가드연질캡슐0.5밀리그램(두타스테리드)_(0.5mg/1캡슐),급여,18,세 미만,(주)한독테바,청소년
신일오플록사신정(수출명:FOCINATTab.)_(0.1g/1정),급여,18,세 이하,신일제약(주),청소년
프락신정100밀리그람(오플록사신)_(0.1g/1정),급여,18,세 이하,아주약품(주),청소년
넬슨오플록사신정100밀리그램(오플록사신)_(0.1g/1정),급여,18,세 이하,한국넬슨제약(주),청소년
케이로우현탁액(폴리스티렌설폰산칼슘)_(5g/20mL),급여,1,개월 미만,(주)퍼슨,영유아
카슈트현탁액(폴리스티렌설폰산칼슘)_(5g/20mL),급여,1,개월 미만,디아이디바이오(주),영유아
시푸로겔3%(케토프로펜)_(3g/100g),급여,15,세 미만,삼진제약(주),청소년
케바논겔(케토프로펜)_(0.9g/30g),급여,15,세 미만,대화제약(주),청소년
케노펜겔(케토프로펜)_(6g/200g),급여,15,세 미만,일동제약(주),청소년
케토크린카타플라스마(케토프로펜)(수출명: 1. ECOSIP GEL-KETOPROFEN 2. GEL PATCH)_(10X14㎠/1매),급여,15,세 미만,신신제약(주),청소년
케펜텍플라스타(케토프로펜)(수출명 : KEFEN)_(10X7㎠/1매),급여,15,세 미만,제일헬스사이언스(주),청소년
케노펜플라스타(케토프로펜)_(7X10㎠/1매),급여,15,세 미만,일동제약(주),청소년
케토크린플라스타(케토프로펜)_(10X7㎠/1매),급여,15,세 미만,신신제약(주),청소년
"케토톱플라스타(케토프로펜)(인도수출명:케토패취, 대만수출명:관건(關建), 베트남수출명:태평양케토프로펜, 나이지리아수출용:Zilix Plasters)_(70㎠/1매)",급여,15,세 미만,(주)한독,청소년
케펜텍-엘플라스타(케토프로펜)_(10X7㎠/1매),급여,15,세 미만,제일헬스사이언스(주),청소년
케토톱엘플라스타(케토프로펜)_(6.8X10.3㎠/1매),급여,15,세 미만,(주)한독,청소년
"케논엘플라스타(케토프로펜)[수출명:케논-엘(Kenon-L),케토덤-엘(Ketoderm-L),케노덤(Kenoderm),페노덤(Fenoderm),케이트란스(Ketrans),케토플라스트-엘(Ketoplast-L)]_(10X7㎠/1매)",급여,15,세 미만,아이큐어(주),청소년
케토라신정(케토롤락트로메타민)_(10mg/1정),급여,16,세 이하,동국제약(주),청소년
타라신주(케토롤락트로메타민)_(30mg/1mL),급여,2,세 미만,지피테라퓨틱스코리아주식회사,영유아
케롤락주(케토롤락트로메타민염)_(30mg/1mL),급여,2,세 미만,주식회사케이에스제약,영유아
케로라주(케토롤락트로메타민염)_(30mg/1mL),급여,2,세 미만,동광제약(주),영유아
타벨주(케토롤락트로메타민염)_(30mg/1mL),급여,2,세 미만,(주)메디카코리아,영유아
케라신주(케토롤락트로메타민)_(30mg/1mL),급여,2,세 미만,삼진제약(주),영유아
케토란주(케토롤락트로메타민)_(30mg/1mL),급여,2,세 미만,경동제약(주),영유아
케롤주(케토롤락트로메타민염)_(30mg/1mL),급여,2,세 미만,(주)씨엠지제약,영유아
"케토락주(케토롤락트롤메타민)(수출명:케토롤락트로메타민주,케토메드주)_(30mg/1mL)",급여,2,세 미만,대우제약(주),영유아
"케토신주사(케토롤락트로메타민염)(수출명:뉴케토신주사,NEWKETOCININJ)_(30mg/1mL)",급여,2,세 미만,명문제약(주),영유아
트롤락주(케토롤락트로메타민염)_(30mg/1mL),급여,2,세 미만,환인제약(주),영유아
케로민주사(케토롤락트로메타민염)_(30mg/1mL),급여,2,세 미만,하나제약(주),영유아
케톨민주(케토롤락트로메타민)_(30mg/1mL),급여,2,세 미만,이연제약(주),영유아
겟투겔(케토프로펜)_(1.5g/50g),급여,15,세 미만,한국넬슨제약(주),청소년
레보건정500밀리그램(레보플록사신수화물)_(0.5123g/1정),급여,18,세 이하,건일제약(주),청소년
아보그로정0.5밀리그램(두타스테리드)_(0.5mg/1정),급여,18,세 미만,(주)한국글로벌제약,청소년
대웅바이오두타스테리드정0.5밀리그램_(0.5mg/1정),급여,18,세 미만,대웅바이오(주),청소년
영진조피클론정1밀리그램(에스조피클론)_(1mg/1정),급여,18,세 미만,영진약품(주),청소년
조스정1밀리그램(에스조피클론)_(1mg/1정),급여,18,세 미만,명인제약(주),청소년
파마에스조피클론정1mg_(1mg/1정),급여,18,세 미만,(주)한국파마,청소년
에조스타정1밀리그램(에스조피클론)_(1mg/1정),급여,18,세 미만,하나제약(주),청소년
조피스타정1밀리그램(에스조피클론)_(1mg/1정),급여,18,세 미만,(주)휴온스,청소년
영진조피클론정2밀리그램(에스조피클론)_(2mg/1정),급여,18,세 미만,영진약품(주),청소년
조스정2밀리그램(에스조피클론)_(2mg/1정),급여,18,세 미만,명인제약(주),청소년
파마에스조피클론정2mg_(2mg/1정),급여,18,세 미만,(주)한국파마,청소년
에조스타정2밀리그램(에스조피클론)_(2mg/1정),급여,18,세 미만,하나제약(주),청소년
조피스타정2밀리그램(에스조피클론)_(2mg/1정),급여,18,세 미만,(주)휴온스,청소년
영진조피클론정3밀리그램(에스조피클론)_(3mg/1정),급여,18,세 미만,영진약품(주),청소년
조스정3밀리그램(에스조피클론)_(3mg/1정),급여,18,세 미만,명인제약(주),청소년
파마에스조피클론정3mg_(3mg/1정),급여,18,세 미만,(주)한국파마,청소년
에조스타정3밀리그램(에스조피클론)_(3mg/1정),급여,18,세 미만,하나제약(주),청소년
두타프렌정0.5밀리그램(두타스테리드)_(0.5mg/1정),급여,18,세 미만,(주)다산제약,청소년
머카나정0.5밀리그램(두타스테리드)_(0.5mg/1정),급여,18,세 미만,(주)라이트팜텍,청소년
조피스타정3밀리그램(에스조피클론)_(3mg/1정),급여,18,세 미만,(주)휴온스,청소년
에토미데이트리푸로주_(20mg/10mL),급여,2,세 미만,비브라운코리아(주),영유아
펜타덤패취12μg/h(펜타닐)_(2.5㎠/1매),급여,18,세 미만,한림제약(주),청소년
듀로제식디트랜스패취12㎍/h(펜타닐)_(5.25㎠/1매),급여,18,세 미만,(주)한국얀센,청소년
명문펜타닐패취12㎍/h(펜타닐)_(5.25㎠/1매),급여,18,세 미만,명문제약(주),청소년
펜타듀르패취12ug/h(펜타닐)_(5㎠/1매),급여,18,세 미만,(주)한국팜비오,청소년
펜타덤패취25μg/h(펜타닐)_(5㎠/1매),급여,18,세 미만,한림제약(주),청소년
듀로제식디트랜스패취25μg/h(펜타닐)_(10.5㎠/1매),급여,18,세 미만,(주)한국얀센,청소년
한림펜타닐주사(펜타닐시트르산염)_(0.157mg/2mL/앰플(PP)),급여,2,세 미만,한림제약(주),영유아
스타브론정(티아넵틴나트륨)_(12.5mg/1정),급여,15,세 미만,제일약품(주),청소년
건일티아넵틴정(티아넵틴나트륨)_(12.5mg/1정),급여,15,세 미만,건일제약(주),청소년
스티아론정(티아넵틴나트륨)_(12.5mg/1정),급여,15,세 미만,(주)한국파마,청소년
디프론정(티아넵틴나트륨)_(12.5mg/1정),급여,15,세 미만,동국제약(주),청소년
아주브론정12.5밀리그램(티아넵틴나트륨)_(12.5mg/1정),급여,15,세 미만,아주약품(주),청소년
티아본정(티아넵틴나트륨)_(12.5mg/1정),급여,15,세 미만,환인제약(주),청소년
스티론정(티아넵틴나트륨)_(12.5mg/1정),급여,15,세 미만,(주)동구바이오제약,청소년
티아론정(티아넵틴나트륨)_(12.5mg/1정),급여,15,세 미만,하나제약(주),청소년
스타보린정(티아넵틴나트륨)_(12.5mg/1정),급여,15,세 미만,성원애드콕제약(주),청소년
티아스틴정(티아넵틴나트륨)_(12.5mg/1정),급여,15,세 미만,(주)팜젠사이언스,청소년
케이넵틴정(티아넵틴나트륨)_(12.5mg/1정),급여,15,세 미만,주식회사제뉴원사이언스,청소년
조피린장용정(설파살라진)_(0.5g/1정),급여,2,세 이하,한림제약(주),영유아
프로토픽연고0.03%(타크로리무스수화물)_(3.06mg/10g),급여,2,세 미만,레오파마(유),영유아
토피크로연고0.03%(타크로리무스수화물)_(3.06mg/10g),급여,2,세 미만,코오롱제약(주),영유아
프로토픽연고0.03%(타크로리무스수화물)_(9.18mg/30g),급여,2,세 미만,레오파마(유),영유아
토피크로연고0.03%(타크로리무스수화물)_(9.18mg/30g),급여,2,세 미만,코오롱제약(주),영유아
프로토픽연고0.1%(타크로리무스수화물)_(10.2mg/10g),급여,2,세 미만,레오파마(유),영유아
타크로연고0.1%(타크로리무스수화물)_(10.2mg/10g),급여,2,세 미만,(주)동구바이오제약,영유아
토피크로연고0.1%(타크로리무스수화물)_(10.2mg/10g),급여,2,세 미만,코오롱제약(주),영유아
프로토픽연고0.1%(타크로리무스수화물)_(30.6mg/30g),급여,2,세 미만,레오파마(유),영유아
타크로연고0.1%(타크로리무스수화물)_(30.6mg/30g),급여,2,세 미만,(주)동구바이오제약,영유아
토피크로연고0.1%(타크로리무스수화물)_(30.6mg/30g),급여,2,세 미만,코오롱제약(주),영유아
탈리겐정(탈니플루메이트)_(0.37g/1정),급여,12,세 이하,(주)휴온스생명과학,소아
티아네틴정(티아넵틴나트륨)_(12.5mg/1정),급여,15,세 미만,동성제약(주),청소년
넵틴정12.5밀리그램(티아넵틴나트륨)_(12.5mg/1정),급여,15,세 미만,한미약품(주),청소년
타니플정(탈니플루메이트)_(0.37g/1정),급여,12,세 이하,안국뉴팜(주),소아
탈리드정(탈니플루메이트)_(0.37g/1정),급여,12,세 이하,(주)한국파비스제약,소아
플루메정(탈니플루메이트)_(0.37g/1정),급여,12,세 이하,메딕스제약(주),소아
휴리트정(탈니플루메이트)_(0.37g/1정),급여,12,세 이하,(주)휴비스트제약,소아
타리마겐정(탈니플루메이트)_(0.37g/1정),급여,12,세 이하,(주)일화,소아
앤세이드정(탈니플루메이트)_(0.37g/1정),급여,12,세 이하,동성제약(주),소아
두타겟연질캡슐0.5밀리그램(두타스테리드)_(0.5mg/1캡슐),급여,18,세 미만,(주)대웅제약,청소년
아보스타연질캡슐0.5밀리그램(두타스테리드)_(0.5mg/1캡슐),급여,18,세 미만,일양약품(주),청소년
두아보연질캡슐0.5밀리그램(두타스테리드)_(0.5mg/1캡슐),급여,18,세 미만,광동제약(주),청소년
다모다트연질캡슐0.5밀리그램(두타스테리드)_(0.5mg/1캡슐),급여,18,세 미만,현대약품(주),청소년
아보테리드연질캡슐0.5밀리그램(두타스테리드)_(0.5mg/1캡슐),급여,18,세 미만,(주)유한양행,청소년
모멘타손크림(모메타손푸로에이트)_(0.5g/500g),급여,2,세 이하,(주)다산제약,영유아
모메타뉴크림(모메타손푸로에이트)_(0.5g/500g),급여,2,세 이하,(주)시어스제약,영유아
프로몬크림(모메타손푸로에이트)_(0.5g/500g),급여,2,세 이하,(주)제뉴파마,영유아
메이손크림(모메타손푸로에이트)_(0.5g/500g),급여,2,세 이하,(주)테라젠이텍스,영유아
모멘타연고(모메타손푸로에이트)_(0.5g/500g),급여,2,세 이하,주식회사 더유제약,영유아
나자케어나잘스프레이액(모메타손푸로에이트일수화물)_(3.102mg/60회),급여,24,개월 미만,(주)유한양행,영유아
더모타손엠엘이로션(모메타손푸로에이트)_(90mg/90g),급여,2,세 이하,(주)동구바이오제약,영유아
더모타손엠엘이로션(모메타손푸로에이트)_(90mg/90g),급여,2,세 이하,(주)동구바이오제약,영유아
라벨리아로션(모메타손푸로에이트)_(55mg/55g),급여,2,세 이하,태극제약(주),영유아
"엠에스알서방정10밀리그람(황산모르핀)_(모르핀황산염수화물, 10mg/1정)",급여,18,세 미만,하나제약(주),청소년
엠에스알서방정30밀리그램(모르핀황산염수화물)_(30mg/1정),급여,18,세 미만,하나제약(주),청소년
모벨록신주400밀리그램(목시플록사신)_(0.4g/250mL),급여,18,세 미만,에이치케이이노엔(주),청소년
조이록신주400밀리그램(목시플록사신)_(0.4g/250mL),급여,18,세 미만,한국유나이티드제약(주),청소년
목시록주400밀리그램(목시플록사신)_(0.4g/250mL),급여,18,세 미만,신풍제약(주),청소년
퀴녹스주400밀리그램(목시플록사신)_(0.4g/250mL),급여,18,세 미만,(주)비씨월드제약,청소년
제이더블유목시플록사신주400mg_(0.4g/250mL),급여,18,세 미만,제이더블유생명과학(주),청소년
모벨록신정400밀리그램(목시플록사신염산염)_(0.4368g/1정),급여,18,세 미만,에이치케이이노엔(주),청소년
시푸로겔3%(케토프로펜)_(1.5g/50g),급여,15,세 미만,삼진제약(주),청소년
유니온케토롤락주(케토롤락트로메타민염)_(30mg/1mL),급여,2,세 미만,한국유니온제약(주),영유아
타라신주(케토롤락트로메타민)_(30mg/1mL),급여,2,세 미만,(주)메디팁,영유아
뉴세레틴정(레보세티리진염산염)_(5mg/1정),급여,6,세 미만,안국뉴팜(주),소아
알레스잘정(레보세티리진염산염)_(5mg/1정),급여,6,세 미만,주식회사 더유제약,소아
하이록신정250밀리그램(레보플록사신수화물)_(0.25615g/1정),급여,18,세 이하,(주)화이트생명과학,청소년
레보펙신정250밀리그램(레보플록사신수화물)_(0.25615g/1정),급여,18,세 이하,일동제약(주),청소년
레복사신정250밀리그램(레보플록사신수화물)_(0.25625g/1정),급여,18,세 이하,한미약품(주),청소년
유로레보정250mg(레보플록사신수화물)_(0.25615g/1정),급여,18,세 이하,신신제약(주),청소년
크라비트정250밀리그람(레보플록사신)_(0.25g/1정),급여,18,세 이하,제일약품(주),청소년
레보건정250밀리그램(레보플록사신수화물)_(0.25615g/1정),급여,18,세 이하,건일제약(주),청소년
레보사신정250밀리그램(레보플록사신수화물)_(0.25615g/1정),급여,18,세 이하,풍림무약(주),청소년
렉타신정250밀리그램(레보플록사신수화물)_(0.25615g/1정),급여,18,세 이하,유니메드제약(주),청소년
레보푸라신정250밀리그램(레보플록사신수화물)_(0.25615g/1정),급여,18,세 이하,명문제약(주),청소년
탈마정(탈니플루메이트)_(0.37g/1정),급여,12,세 이하,대화제약(주),소아
렙티진정(레보세티리진 염산염)_(5mg/1정),급여,6,세 미만,한화제약(주),소아
명문펜타닐패취25㎍/h(펜타닐)_(10.5㎠/1매),급여,18,세 미만,명문제약(주),청소년
펜타듀르패취25μg/h(펜타닐)_(10㎠/1매),급여,18,세 미만,(주)한국팜비오,청소년
비.브라운프로포폴-리푸로1%주(앰플)_(0.2g/20mL),급여,36,개월 미만,비브라운코리아(주),영유아
프리폴-엠시티주(프로포폴)_(0.2g/20mL),급여,36,개월 미만,대원제약(주),영유아
프레조폴엠시티1%주(프로포폴)(바이알)_(0.5g/50mL),급여,36,개월 미만,프레지니우스카비코리아(주),영유아
포폴주사(프로포폴)(바이알)_(0.5g/50mL),급여,36,개월 미만,동국제약(주),영유아
비.브라운 프로포폴-리푸로1%주_(0.5g/50mL),급여,36,개월 미만,비브라운코리아(주),영유아
프리폴-엠시티주(프로포폴)_(0.5g/50mL),급여,36,개월 미만,대원제약(주),영유아
프레조폴엠시티2%주(프로포폴)(바이알)_(1g/50mL),급여,36,개월 미만,프레지니우스카비코리아(주),영유아
프리폴-엠시티주2%(프로포폴)_(1g/50mL),급여,36,개월 미만,대원제약(주),영유아
레파넘정0.5밀리그램(레파글리니드)_(0.5mg/1정),급여,18,세 미만,(주)다림바이오텍,청소년
노보넘정1.0밀리그람(레파글리니드)_(1mg/1정),급여,18,세 미만,노보노디스크제약(주),청소년
레파넘정1밀리그램(레파글리니드)_(1mg/1정),급여,18,세 미만,(주)다림바이오텍,청소년
노보넘정2.0밀리그람(레파글리니드)_(2mg/1정),급여,18,세 미만,노보노디스크제약(주),청소년
레파넘정2밀리그람(레파글리니드)_(2mg/1정),급여,18,세 미만,(주)다림바이오텍,청소년
라보파주(염산리토드린)(수출명:Yutoparinj.)_(50mg/5mL),급여,12,세 미만,제이더블유중외제약(주),소아
라보파주(염산리토드린)(수출명:Yutoparinj.)_(50mg/5mL),급여,65,세 이상,제이더블유중외제약(주),고령자
실마진1%크림(설파디아진은)(수출명 : Emzin Cream Silver Sulfadiazine 1%)_(0.2g/20g),급여,2,개월 미만,동화약품(주),영유아
일바돈크림(설파디아진은)_(0.3g/30g),급여,2,개월 미만,일동제약(주),영유아
일바돈크림(설파디아진은)_(4.5g/450g),급여,2,개월 미만,일동제약(주),영유아
실마진1%크림(설파디아진은)(수출명 : Emzin Cream Silver Sulfadiazine 1%)_(5g/500g),급여,2,개월 미만,동화약품(주),영유아
훼리탑캡슐(글루콘산제이철나트륨착염)_(0.1775g/1캡슐),급여,12,개월 미만,일동제약(주),영유아
하이넵틴정(티아넵틴나트륨)_(12.5mg/1정),급여,15,세 미만,(주)화이트생명과학,청소년
명문구연산펜타닐주사_(0.157mg/2mL/병),급여,2,세 미만,명문제약(주),영유아
비씨펜타닐시트르산염주사_(0.157mg/2mL/앰플),급여,2,세 미만,(주)비씨월드제약,영유아
비씨펜타닐시트르산염주사_(0.157mg/2mL/병),급여,2,세 미만,(주)비씨월드제약,영유아
하나구연산펜타닐주사_(0.157mg/2mL/앰플),급여,2,세 미만,하나제약(주),영유아
하나구연산펜타닐주사_(0.157mg/2mL/앰플(P)),급여,2,세 미만,하나제약(주),영유아
구주구연산펜타닐주사_(0.157mg/2mL),급여,2,세 미만,구주제약(주),영유아
구주펜타닐시트르산염주사(바이알)_(0.157mg/2mL),급여,2,세 미만,구주제약(주),영유아
"대한펜타닐주사액_(펜타닐시트르산염, 0.5mg/10mL)",급여,2,세 미만,대한약품공업(주),영유아
한림펜타닐주사(구연산펜타닐)_(0.785mg/10mL/앰플),급여,2,세 미만,한림제약(주),영유아
한림펜타닐주사(펜타닐시트르산염)_(0.785mg/10mL/앰플(PP)),급여,2,세 미만,한림제약(주),영유아
한림펜타닐주사(구연산펜타닐)_(0.785mg/10mL/병),급여,2,세 미만,한림제약(주),영유아
명문구연산펜타닐주사_(0.785mg/10mL/앰플),급여,2,세 미만,명문제약(주),영유아
명문구연산펜타닐주사_(0.785mg/10mL/병),급여,2,세 미만,명문제약(주),영유아
비씨펜타닐시트르산염주사_(0.785mg/10mL/앰플),급여,2,세 미만,(주)비씨월드제약,영유아
비씨펜타닐시트르산염주사_(0.785mg/10mL/병),급여,2,세 미만,(주)비씨월드제약,영유아
하나구연산펜타닐주사_(0.785mg/10mL/앰플),급여,2,세 미만,하나제약(주),영유아
하나구연산펜타닐주사_(0.785mg/10mL/앰플(P)),급여,2,세 미만,하나제약(주),영유아
스토펜정(탈니플루메이트)_(0.37g/1정),급여,12,세 이하,신풍제약(주),소아
휴말겐정(탈니플루메이트)_(0.37g/1정),급여,12,세 이하,한국휴텍스제약(주),소아
탈루메트정(탈니플루메이트)_(0.37g/1정),급여,12,세 이하,태극제약(주),소아
네티진정(레보세티리진염산염)_(5mg/1정),급여,6,세 미만,(주)한국글로벌제약,소아
알세틴정(레보세티리진염산염)_(5mg/1정),급여,6,세 미만,(주)셀트리온제약,소아
베아티린정(레보세티리진염산염)_(5mg/1정),급여,6,세 미만,대웅바이오(주),소아
레보티잘정(레보세티리진염산염)_(5mg/1정),급여,6,세 미만,일양바이오팜(주),소아
레보네스정(레보세티리진염산염)_(5mg/1정),급여,6,세 미만,(주)제뉴파마,소아
레보세탄정(레보세티리진염산염)_(5mg/1정),급여,6,세 미만,(주)테라젠이텍스,소아
알레린액(레보세티리진염산염)_(5mg/10mL),급여,1,세 미만,주식회사제뉴원사이언스,영유아
쎄렌잘액(레보세티리진염산염)_(37.5mg/75mL),급여,1,세 미만,삼일제약(주),영유아
레보센액(레보세티리진염산염)_(37.5mg/75mL),급여,1,세 미만,신풍제약(주),영유아
엘레틴액(염산레보세티리진)_(37.5mg/75mL),급여,1,세 미만,안국약품(주),영유아
레보세린액(염산레보세티리진)_(50mg/100mL),급여,1,세 미만,영진약품(주),영유아
세노바엘액(레보세티리진염산염)_(50mg/100mL),급여,1,세 미만,일동제약(주),영유아
레티신액(레보세티리진염산염)_(50mg/100mL),급여,1,세 미만,동성제약(주),영유아
레세티잘액(레보세티리진염산염)_(50mg/100mL),급여,1,세 미만,(주)종근당,영유아
엘티리진액(레보세티리진염산염)_(50mg/100mL),급여,1,세 미만,한미약품(주),영유아
알러반액(레보세티리진염산염)_(50mg/100mL),급여,1,세 미만,제이더블유신약(주),영유아
알러잘액(레보세티리진염산염)_(50mg/100mL),급여,1,세 미만,(주)서울제약,영유아
멜로칸캡슐(멜록시캄)_(7.5mg/1캡슐),급여,15,세 이하,(주)한국파비스제약,청소년
엔티시캄캡슐7.5밀리그램(멜록시캄)_(7.5mg/1캡슐),급여,15,세 이하,한국신텍스제약(주),청소년
레티잘정(레보세티리진염산염)_(5mg/1정),급여,6,세 미만,알보젠코리아(주),소아
알러잘정(레보세티리진염산염)_(5mg/1정),급여,6,세 미만,(주)서울제약,소아
코알비정(레보세티리진염산염)_(5mg/1정),급여,6,세 미만,아주약품(주),소아
씨잘정5밀리그램(레보세티리진염산염)_(5mg/1정),급여,6,세 미만,한국유씨비제약(주),소아
알씨텍정5mg(염산레보세티리진)_(5mg/1정),급여,6,세 미만,오스틴제약(주),소아
케트라진정(레보세티리진염산염)_(5mg/1정),급여,6,세 미만,케이엠에스제약(주),소아
센레보정(레보세티리진염산염)_(5mg/1정),급여,6,세 미만,일성신약(주),소아
레보코나진정(레보세티리진염산염)_(5mg/1정),급여,6,세 미만,알리코제약(주),소아
레티진정(레보세티리진염산염)_(5mg/1정),급여,6,세 미만,(주)동구바이오제약,소아
케트라정(레보세티리진염산염)_(5mg/1정),급여,6,세 미만,하나제약(주),소아
알레세트정(레보세티리진염산염)_(5mg/1정),급여,6,세 미만,이연제약(주),소아
레티라진정(레보세티리진염산염)_(5mg/1정),급여,6,세 미만,위더스제약(주),소아
레보세티정(레보세티리진염산염)_(5mg/1정),급여,6,세 미만,영풍제약(주),소아
레로진정(레보세티리진염산염)_(5mg/1정),급여,6,세 미만,(주)넥스팜코리아,소아
씨펜정(레보세티리진염산염)_(5mg/1정),급여,6,세 미만,한국프라임제약(주),소아
레보셀텍정(레보세티리진염산염)_(5mg/1정),급여,6,세 미만,(주)경보제약,소아
알러세틴정(레보세티리진염산염)_(5mg/1정),급여,6,세 미만,구주제약(주),소아
레보티진정(레보세티리진염산염)_(5mg/1정),급여,6,세 미만,대한뉴팜(주),소아
세틴잘정5밀리그램(레보세티리진염산염)_(5mg/1정),급여,6,세 미만,(주)팜젠사이언스,소아
레보코트정5밀리그램(레보세티리진염산염)_(5mg/1정),급여,6,세 미만,코오롱제약(주),소아
휴니즈레보세티리진염산염정_(5mg/1정),급여,6,세 미만,(주)휴온스메디텍,소아
비알세티정(레보세티리진염산염)_(5mg/1정),급여,6,세 미만,(주)보령바이오파마,소아
알레린정(레보세티리진염산염)_(5mg/1정),급여,6,세 미만,주식회사제뉴원사이언스,소아
로페라킴캡슐(로페라미드염산염)_(2mg/1캡슐),급여,24,개월 미만,(주)킴스제약,영유아
로파인캡슐(로페라미드염산염)_(2mg/1캡슐),급여,24,개월 미만,태극제약(주),영유아
로프민캡슐(로페라미드염산염)_(2mg/1캡슐),급여,24,개월 미만,영일제약(주),영유아
지엘로페라미드염산염캡슐_(2mg/1캡슐),급여,24,개월 미만,지엘파마(주),영유아
삼남로페라마이드캡슐(로페라미드염산염)_(2mg/1캡슐),급여,24,개월 미만,삼남제약(주),영유아
클리어딘연질캡슐(로라타딘)_(10mg/1캡슐),급여,6,세 미만,(주)알피바이오,소아
로타인정(로라타딘)_(10mg/1정),급여,6,세 미만,엔비케이제약(주),소아
나타딘정(로라타딘)_(10mg/1정),급여,6,세 미만,대원바이오텍주식회사,소아
클라리틴정(로라타딘)_(10mg/1정),급여,6,세 미만,바이엘코리아(주),소아
로다인정(로라타딘)_(10mg/1정),급여,6,세 미만,동성제약(주),소아
제라타딘정(로라타딘)_(10mg/1정),급여,6,세 미만,태극제약(주),소아
제뉴원로메플록사신염산염정_(0.4416g/1정),급여,18,세 이하,주식회사제뉴원사이언스,청소년
한림염산로메플록사신정200밀리그람_(0.2208g/1정),급여,18,세 이하,한림제약(주),청소년
로라젠정(로라타딘)_(10mg/1정),급여,6,세 미만,(주)뉴젠팜,소아
"대우로라타딘정(수출명:로미딘정,라틴정,필미딘정)_(10mg/1정)",급여,6,세 미만,대우제약(주),소아
노타민정(로라타딘)_(10mg/1정),급여,6,세 미만,안국약품(주),소아
알레틴정(로라타딘)(수출명:비알레틴)_(10mg/1정),급여,6,세 미만,한올바이오파마(주),소아
넬슨로라타딘정_(10mg/1정),급여,6,세 미만,한국넬슨제약(주),소아
제이타딘정(로라타딘)_(10mg/1정),급여,6,세 미만,(주)비보존제약,소아
구주로라타딘정10밀리그람(수출명:로히스타정)_(10mg/1정),급여,6,세 미만,구주제약(주),소아
에쟈스민정(로라타딘)_(10mg/1정),급여,6,세 미만,(주)제뉴파마,소아
로리딘정(로라타딘)_(10mg/1정),급여,6,세 미만,(주)테라젠이텍스,소아
새로딘시럽(로라타딘)_(5mg/5mL),급여,2,세 미만,삼익제약(주),영유아
아티반주사(로라제팜)_(2mg/0.5mL),급여,4,주 미만,일동제약(주),소아
아티반주사(로라제팜)_(4mg/1mL),급여,4,주 미만,일동제약(주),소아
로바톤정(로바스타틴)_(20mg/1정),급여,20,세 미만,한국넬슨제약(주),고령자
로바이틴정(로바스타틴)_(20mg/1정),급여,20,세 미만,위더스제약(주),고령자
로바타딘정(로바스타틴)(수출명:LovacTablet)_(20mg/1정),급여,20,세 미만,대한뉴팜(주),고령자
아멜록스캡슐7.5밀리그램(멜록시캄)_(7.5mg/1캡슐),급여,15,세 이하,(주)인트로바이오파마,청소년
멜록신캡슐(멜록시캄)_(7.5mg/1캡슐),급여,15,세 이하,(주)휴온스생명과학,청소년
록캄캡슐(멜록시캄)_(7.5mg/1캡슐),급여,15,세 이하,(주)중헌제약,청소년
뉴멜락시캄캡슐7.5밀리그램(멜록시캄)_(7.5mg/1캡슐),급여,15,세 이하,안국뉴팜(주),청소년
멜로틴캡슐7.5mg(멜록시캄)_(7.5mg/1캡슐),급여,15,세 이하,엔비케이제약(주),청소년
메로윈캡슐7.5밀리그램(멜록시캄)_(7.5mg/1캡슐),급여,15,세 이하,코스맥스파마(주),청소년
명문구연산펜타닐주사_(0.157mg/2mL/앰플),급여,2,세 미만,명문제약(주),영유아
타루겐정(탈니플루메이트)_(0.37g/1정),급여,12,세 이하,영일제약(주),소아
탈멘정(탈니플루메이트)_(0.37g/1정),급여,12,세 이하,대우제약(주),소아
후루마정(탈니플루메이트)_(0.37g/1정),급여,12,세 이하,명문제약(주),소아
타로스정(탈니플루메이트)_(0.37g/1정),급여,12,세 이하,삼천당제약(주),소아
하원탈니플루메이트정_(0.37g/1정),급여,12,세 이하,(주)하원제약,소아
소말겐정(탈니플루메이트)_(0.37g/1정),급여,12,세 이하,알보젠코리아(주),소아
프루틴정(탈니플루메이트)_(0.37g/1정),급여,12,세 이하,(주)한국파마,소아
탈로신정(탈니플루메이트)_(0.37g/1정),급여,12,세 이하,아주약품(주),소아
플루마겐정(탈니플루메이트)_(0.37g/1정),급여,12,세 이하,오스틴제약(주),소아
크리마인정(탈니플루메이트)_(0.37g/1정),급여,12,세 이하,삼진제약(주),소아
타프로스정(탈니플루메이트)_(0.37g/1정),급여,12,세 이하,(주)유영제약,소아
메이트정(탈니플루메이트)_(0.37g/1정),급여,12,세 이하,알리코제약(주),소아
리메이트정(탈니플루메이트)_(0.37g/1정),급여,12,세 이하,(주)동구바이오제약,소아
솔라메트정(탈니플루메이트)_(0.37g/1정),급여,12,세 이하,미래바이오제약(주),소아
후루겐정(탈니플루메이트)_(0.37g/1정),급여,12,세 이하,하나제약(주),소아
탈푸린정(탈니플루메이트)_(0.37g/1정),급여,12,세 이하,위더스제약(주),소아
니후루겐정(탈니플루메이트)_(0.37g/1정),급여,12,세 이하,영풍제약(주),소아
탈루메이트정(탈니플루메이트)_(0.37g/1정),급여,12,세 이하,(주)넥스팜코리아,소아
탈페인정(탈니플루메이트)_(0.37g/1정),급여,12,세 이하,한국프라임제약(주),소아
플루시드정(탈니플루메이트)_(0.37g/1정),급여,12,세 이하,(주)경보제약,소아
유니온탈니플루메이트정_(0.37g/1정),급여,12,세 이하,한국유니온제약(주),소아
휴온스탈니플루메이트정_(0.37g/1정),급여,12,세 이하,(주)휴온스,소아
제뉴원탈니플루메이트정_(0.37g/1정),급여,12,세 이하,주식회사제뉴원사이언스,소아
트리메정(탈니플루메이트)_(0.37g/1정),급여,12,세 이하,(주)한국글로벌제약,소아
베아겐정(탈니플루메이트)_(0.37g/1정),급여,12,세 이하,대웅바이오(주),소아
타말겐정(탈니플루메이트)_(0.37g/1정),급여,12,세 이하,(주)테라젠이텍스,소아
뉴신타서방정50밀리그램(타펜타돌염산염)_(58.24mg/1정),급여,18,세 미만,(주)한국얀센,청소년
뉴신타서방정100밀리그램(타펜타돌염산염)_(0.11648g/1정),급여,18,세 미만,(주)한국얀센,청소년
뉴신타아이알정50밀리그램(타펜타돌염산염)_(58.24mg/1정),급여,18,세 미만,(주)한국얀센,청소년
뉴신타서방정200밀리그램(타펜타돌염산염)_(0.23296g/1정),급여,18,세 미만,(주)한국얀센,청소년
세비보정(텔비부딘)_(0.6g/1정),급여,16,세 미만,부광약품(주),청소년
일양하이트린정1밀리그램(테라조신염산염수화물)_(1.187mg/1정),급여,12,세 이하,일양약품(주),소아
테로조신정(테라조신염산염수화물)_(2.374mg/1정),급여,12,세 이하,주식회사 더유제약,소아
알레자이정(레보세티리진염산염)_(5mg/1정),급여,6,세 미만,(주)다산제약,소아
이콕스캡슐(멜록시캄)_(7.5mg/1캡슐),급여,15,세 이하,(주)화이트생명과학,청소년
몰빅캡슐(멜록시캄)_(7.5mg/1캡슐),급여,15,세 이하,메딕스제약(주),청소년
모비든캡슐(멜록시캄)_(7.5mg/1캡슐),급여,15,세 이하,(주)이든파마,청소년
모스캄캡슐(멜록시캄)_(7.5mg/1캡슐),급여,15,세 이하,(주)오스코리아제약,청소년
멜로캄캡슐7.5밀리그람(멜록시캄)(수출명:유한멜로캄캡슐7.5밀리그람)_(7.5mg/1캡슐),급여,15,세 이하,(주)유한양행,청소년
메로콕스캡슐7.5밀리그램(멜록시캄)_(7.5mg/1캡슐),급여,15,세 이하,동아에스티(주),청소년
록시캄캡슐(멜록시캄)_(7.5mg/1캡슐),급여,15,세 이하,일동제약(주),청소년
캄록스캡슐(멜록시캄)_(7.5mg/1캡슐),급여,15,세 이하,(주)바이넥스,청소년
멜락스캡슐7.5밀리그램(멜록시캄)_(7.5mg/1캡슐),급여,15,세 이하,(주)종근당,청소년
아록시캄캡슐7.5밀리그램(멜록시캄)_(7.5mg/1캡슐),급여,15,세 이하,(주)아리제약,청소년
메가록시캄캡슐7.5밀리그램(멜록시캄)_(7.5mg/1캡슐),급여,15,세 이하,(주)엘앤씨바이오,청소년
메록스캄캡슐7.5밀리그램(멜록시캄)_(7.5mg/1캡슐),급여,15,세 이하,한미약품(주),청소년
멜록시펜캡슐(멜록시캄)(수출명:국제메펜캡슐)_(7.5mg/1캡슐),급여,15,세 이하,국제약품(주),청소년
멜로덱스캡슐7.5밀리그램(멜록시캄)_(7.5mg/1캡슐),급여,15,세 이하,삼일제약(주),청소년
"아모리아캡슐(멜록시캄)(수출명 : Amolex Cap., Mepedo Cap.)_(7.5mg/1캡슐)",급여,15,세 이하,삼익제약(주),청소년
멜록캡슐7.5mg(멜록시캄)_(7.5mg/1캡슐),급여,15,세 이하,조아제약(주),청소년
메록시펜캡슐(멜록시캄)_(7.5mg/1캡슐),급여,15,세 이하,태극제약(주),청소년
에이프로젠멜록시캄캡슐_(7.5mg/1캡슐),급여,15,세 이하,(주)에이프로젠바이오로직스,청소년
류멜캡슐(멜록시캄)_(7.5mg/1캡슐),급여,15,세 이하,한림제약(주),청소년
멜로시드캡슐7.5밀리그램(멜록시캄)_(7.5mg/1캡슐),급여,15,세 이하,제일약품(주),청소년
모렉셀캡슐7.5밀리그램(멜록시캄)_(7.5mg/1캡슐),급여,15,세 이하,대화제약(주),청소년
멜콕시캡슐(멜록시캄)_(7.5mg/1캡슐),급여,15,세 이하,동광제약(주),청소년
멜록스캡슐(멜록시캄)_(7.5mg/1캡슐),급여,15,세 이하,(주)메디카코리아,청소년
멜록시젠캡슐(멜록시캄)(수출명:케이비캄캡슐)_(7.5mg/1캡슐),급여,15,세 이하,(주)뉴젠팜,청소년
멜록캄캡슐7.5밀리그램(멜록시캄)_(7.5mg/1캡슐),급여,15,세 이하,한국코러스(주),청소년
씨빅캡슐7.5밀리그램(멜록시캄)_(7.5mg/1캡슐),급여,15,세 이하,에이치엘비제약(주),청소년
멜릭스캡슐(멜록시캄)_(7.5mg/1캡슐),급여,15,세 이하,경동제약(주),청소년
목시캄캡슐(멜록시캄)_(7.5mg/1캡슐),급여,15,세 이하,(주)유영제약,청소년
뉴시캄캡슐7.5밀리그램(멜록시캄)_(7.5mg/1캡슐),급여,15,세 이하,신풍제약(주),청소년
씨엠지멜록시캄캡슐7.5mg_(7.5mg/1캡슐),급여,15,세 이하,(주)씨엠지제약,청소년
메로캄캡슐(멜록시캄)_(7.5mg/1캡슐),급여,15,세 이하,풍림무약(주),청소년
모빅시캄캡슐(멜록시캄)_(7.5mg/1캡슐),급여,15,세 이하,한국휴텍스제약(주),청소년
메카론캡슐(멜록시캄)_(7.5mg/1캡슐),급여,15,세 이하,영일제약(주),청소년
유니콕스캡슐7.5밀리그램(멜록시캄)_(7.5mg/1캡슐),급여,15,세 이하,유니메드제약(주),청소년
모벡스캡슐(멜록시캄)_(7.5mg/1캡슐),급여,15,세 이하,대우제약(주),청소년
구주구연산펜타닐주사_(0.785mg/10mL),급여,2,세 미만,구주제약(주),영유아
구주펜타닐시트르산염주사(바이알)_(0.785mg/10mL),급여,2,세 미만,구주제약(주),영유아
대원펜타닐시트르산염주사액_(0.785mg/10mL),급여,2,세 미만,대원제약(주),영유아
"대한펜타닐주사액_(펜타닐시트르산염, 1mg/20mL)",급여,2,세 미만,대한약품공업(주),영유아
한림펜타닐주사(구연산펜타닐)_(1.57mg/20mL/앰플),급여,2,세 미만,한림제약(주),영유아
한림펜타닐주사(구연산펜타닐)_(1.57mg/20mL/병),급여,2,세 미만,한림제약(주),영유아
한림펜타닐주사(펜타닐시트르산염)_(1.57mg/20mL/앰플(PP)),급여,2,세 미만,한림제약(주),영유아
명문구연산펜타닐주사_(1.57mg/20mL/앰플),급여,2,세 미만,명문제약(주),영유아
명문구연산펜타닐주사_(1.57mg/20mL/병),급여,2,세 미만,명문제약(주),영유아
비씨펜타닐시트르산염주사_(1.57mg/20mL/병),급여,2,세 미만,(주)비씨월드제약,영유아
하나구연산펜타닐주사_(1.57mg/20mL/앰플(P)),급여,2,세 미만,하나제약(주),영유아
구주구연산펜타닐주사_(1.57mg/20mL),급여,2,세 미만,구주제약(주),영유아
비씨펜타닐시트르산염주사_(2.355mg/30mL),급여,2,세 미만,(주)비씨월드제약,영유아
하나구연산펜타닐주사_(2.355mg/30mL),급여,2,세 미만,하나제약(주),영유아
펜타칸설하정 533마이크로그램(펜타닐시트르산염)_(0.84mg/1정),급여,18,세 미만,(주)한국팜비오,청소년
펜타칸설하정 133마이크로그램(펜타닐시트르산염)_(0.21mg/1정),급여,18,세 미만,(주)한국팜비오,청소년
펜타칸설하정 267마이크로그램(펜타닐시트르산염)_(0.42mg/1정),급여,18,세 미만,(주)한국팜비오,청소년
인스타닐나잘스프레이50마이크로그램(펜타닐시트르산염)_(0.5mg/10회),급여,18,세 미만,(주)대웅제약,청소년
인스타닐나잘스프레이100마이크로그램(펜타닐시트르산염)_(1mg/10회),급여,18,세 미만,(주)대웅제약,청소년
인스타닐나잘스프레이200마이크로그램(펜타닐시트르산염)_(2mg/10회),급여,18,세 미만,(주)대웅제약,청소년
하이테신정2밀리그램(테라조신염산염수화물)_(2.374mg/1정),급여,12,세 이하,(주)휴비스트제약,소아
테라조정(테라조신염산염수화물)_(2.374mg/1정),급여,12,세 이하,(주)이든파마,소아
멜시빅캡슐7.5밀리그램(멜록시캄)_(7.5mg/1캡슐),급여,15,세 이하,동국제약(주),청소년
모빅캡슐7.5밀리그램(멜록시캄)_(7.5mg/1캡슐),급여,15,세 이하,한국베링거인겔하임(주),청소년
엑시캄캡슐7.5밀리그람(멜록시캄)_(7.5mg/1캡슐),급여,15,세 이하,신일제약(주),청소년
보믹캡슐(멜록시캄)_(7.5mg/1캡슐),급여,15,세 이하,아주약품(주),청소년
멕시캡슐(멜록시캄)(수출명: Momeloxe Cap.)_(7.5mg/1캡슐),급여,15,세 이하,오스틴제약(주),청소년
캠록스캡슐7.5밀리그램(멜록시캄)_(7.5mg/1캡슐),급여,15,세 이하,알리코제약(주),청소년
하모빅캡슐(멜록시캄)_(7.5mg/1캡슐),급여,15,세 이하,(주)바스칸바이오제약,청소년
멜빅스캡슐(멜록시캄)(수출명:WONCOX Capsule)_(7.5mg/1캡슐),급여,15,세 이하,(주)동구바이오제약,청소년
멜캄캡슐(멜록시캄)_(7.5mg/1캡슐),급여,15,세 이하,미래바이오제약(주),청소년
멜로딘캡슐(멜록시캄)_(7.5mg/1캡슐),급여,15,세 이하,지엘파마(주),청소년
메디콕스캡슐(멜록시캄)(수출명:마이멜록캡슐(MYMELOXECapsule))_(7.5mg/1캡슐),급여,15,세 이하,명문제약(주),청소년
메모빅캡슐7.5밀리그람(멜록시캄)_(7.5mg/1캡슐),급여,15,세 이하,하나제약(주),청소년
멜록트캡슐7.5밀리그램(멜록시캄)_(7.5mg/1캡슐),급여,15,세 이하,(유)한풍제약,청소년
멜빅캄캡슐7.5밀리그램(멜록시캄)_(7.5mg/1캡슐),급여,15,세 이하,(주)비보존제약,청소년
메록심캡슐(멜록시캄)_(7.5mg/1캡슐),급여,15,세 이하,이연제약(주),청소년
모비록캄캡슐7.5mg(멜록시캄)_(7.5mg/1캡슐),급여,15,세 이하,위더스제약(주),청소년
모빅스캄캡슐(멜록시캄)_(7.5mg/1캡슐),급여,15,세 이하,영풍제약(주),청소년
뉴멜록시캡슐(멜록시캄)_(7.5mg/1캡슐),급여,15,세 이하,에스에스팜(주),청소년
모르빅캡슐(멜록시캄)_(7.5mg/1캡슐),급여,15,세 이하,한국프라임제약(주),청소년
모록시캄캡슐(멜록시캄)_(7.5mg/1캡슐),급여,15,세 이하,디아이디바이오(주),청소년
모빅캄캡슐(멜록시캄)_(7.5mg/1캡슐),급여,15,세 이하,성원애드콕제약(주),청소년
케이빅캡슐7.5밀리그램(멜록시캄)_(7.5mg/1캡슐),급여,15,세 이하,(주)경보제약,청소년
유니캄캡슐7.5밀리그램(멜록시캄)_(7.5mg/1캡슐),급여,15,세 이하,한국유니온제약(주),청소년
멜로빅캡슐7.5mg(멜록시캄)_(7.5mg/1캡슐),급여,15,세 이하,(주)씨티씨바이오,청소년
이노시캄캡슐(멜록시캄)_(7.5mg/1캡슐),급여,15,세 이하,에스피씨(주),청소년
모비드캡슐(멜록시캄)_(7.5mg/1캡슐),급여,15,세 이하,구주제약(주),청소년
메록캄캡슐(멜록시캄)_(7.5mg/1캡슐),급여,15,세 이하,대한뉴팜(주),청소년
멜리카캡슐(멜록시캄)_(7.5mg/1캡슐),급여,15,세 이하,(주)팜젠사이언스,청소년
휴니즈멜록시캄캡슐7.5mg_(7.5mg/1캡슐),급여,15,세 이하,(주)휴온스메디텍,청소년
멜록시카캡슐7.5밀리그램(멜록시캄)_(7.5mg/1캡슐),급여,15,세 이하,(주)보령바이오파마,청소년
"모콕스캡슐7.5밀리그람(멜록시캄)(수출명:HULOKAMCap.,HUONSHULOKAMCAPSULE)_(7.5mg/1캡슐)",급여,15,세 이하,(주)휴온스,청소년
메로시캡슐7.5밀리그램(멜록시캄)_(7.5mg/1캡슐),급여,15,세 이하,아이큐어(주),청소년
엘트라셋정_(1정),급여,12,세 미만,(주)인트로바이오파마,소아
엘트라셋세미정_(1정),급여,12,세 미만,(주)인트로바이오파마,소아
티오셋정_(1정),급여,12,세 미만,(주)휴온스생명과학,소아
듀얼셋정_(1정),급여,12,세 미만,(주)중헌제약,소아
듀얼셋세미정_(1정),급여,12,세 미만,(주)중헌제약,소아
듀얼셋서방정_(1정),급여,12,세 미만,(주)중헌제약,소아
듀얼셋세미서방정_(1정),급여,12,세 미만,(주)중헌제약,소아
뉴트라정_(1정),급여,12,세 미만,안국뉴팜(주),소아
원트라셋세미정_(1정),급여,12,세 미만,엔비케이제약(주),소아
원트라셋정_(1정),급여,12,세 미만,엔비케이제약(주),소아
소울트라정_(1정),급여,12,세 미만,주식회사 더유제약,소아
소울트라세미정_(1정),급여,12,세 미만,주식회사 더유제약,소아
타노셋정_(1정),급여,12,세 미만,대원바이오텍주식회사,소아
타노셋세미정_(1정),급여,12,세 미만,대원바이오텍주식회사,소아
타노셋서방정_(1정),급여,12,세 미만,대원바이오텍주식회사,소아
타노셋세미서방정_(1정),급여,12,세 미만,대원바이오텍주식회사,소아
아세트라돌정_(1정),급여,12,세 미만,독립바이오제약(주),소아
아세트라돌세미정_(1정),급여,12,세 미만,독립바이오제약(주),소아
아트마셋정_(1정),급여,12,세 미만,(주)아리제약,소아
아트마셋세미정_(1정),급여,12,세 미만,(주)아리제약,소아
오스코신정2밀리그램(테라조신염산염수화물)_(2.374mg/1정),급여,12,세 이하,(주)오스코리아제약,소아
바소조신정2밀리그람(테라조신염산염수화물)_(2.374mg/1정),급여,12,세 이하,(주)일화,소아
아트라돌세미정_(1정),급여,12,세 미만,(주)유앤생명과학,소아
아트라돌서방정_(1정),급여,12,세 미만,(주)유앤생명과학,소아
케이셋정_(1정),급여,12,세 미만,주식회사케이에스제약,소아
케이셋세미정_(1정),급여,12,세 미만,주식회사케이에스제약,소아
업트라셋세미정_(1정),급여,12,세 미만,(주)킴스제약,소아
업트라셋정_(1정),급여,12,세 미만,(주)킴스제약,소아
메가아세돌세미정_(1정),급여,12,세 미만,(주)엘앤씨바이오,소아
테조신정2밀리그램(테라조신염산염수화물)_(2.374mg/1정),급여,12,세 이하,주식회사제뉴원사이언스,소아
일양하이트린정2밀리그람(테라조신염산염수화물)_(2.374mg/1정),급여,12,세 이하,일양약품(주),소아
삼성테라민정(염산테라조신)_(2.374mg/1정),급여,12,세 이하,삼성제약(주),소아
티지씨정2밀리그램(테라조신염산염수화물)_(2.374mg/1정),급여,12,세 이하,동화약품(주),소아
테라팜정2밀리그램(테라조신염산염수화물)_(2.374mg/1정),급여,12,세 이하,일동제약(주),소아
한미염산테라조신정2밀리그램_(2.374mg/1정),급여,12,세 이하,한미약품(주),소아
"유로트린정(테라조신염산염수화물)수출명:테라넥스정(수출명:테라넥스정,KUPTERANEXTabs.)_(2.374mg/1정)",급여,12,세 이하,한국유나이티드제약(주),소아
테라딘정(테라조신염산염수화물)_(2.374mg/1정),급여,12,세 이하,(주)에이프로젠바이오로직스,소아
테라젠정2mg(테라조신염산염수화물)_(2.374mg/1정),급여,12,세 이하,(주)뉴젠팜,소아
비판티정2mg(테라조신염산염수화물)_(2.374mg/1정),급여,12,세 이하,신풍제약(주),소아
텔라조신정2밀리그램(테라조신염산염수화물)_(2.374mg/1정),급여,12,세 이하,한국휴텍스제약(주),소아
히드린정2밀리그램(테라조신염산염수화물)_(2.374mg/1정),급여,12,세 이하,유니메드제약(주),소아
테로스정2밀리그램(테라조신염산염수화물)_(2.374mg/1정),급여,12,세 이하,(주)하원제약,소아
트라신정(테라조신염산염수화물)_(2.374mg/1정),급여,12,세 이하,알보젠코리아(주),소아
테라졸정2밀리그램(테라조신염산염수화물)_(2.374mg/1정),급여,12,세 이하,아주약품(주),소아
테라온정2밀리그램(테라조신염산염수화물)_(2.374mg/1정),급여,12,세 이하,오스틴제약(주),소아
푸로조신정2밀리그람(테라조신염산염수화물)_(2.374mg/1정),급여,12,세 이하,(주)동구바이오제약,소아
테라케어정2mg(테라조신염산염수화물)_(2.374mg/1정),급여,12,세 이하,미래바이오제약(주),소아
테라포스정2밀리그램(테라조신염산염수화물)_(2.374mg/1정),급여,12,세 이하,익수제약(주),소아
하이조신정2mg(테라조신염산염수화물)_(2.374mg/1정),급여,12,세 이하,영풍제약(주),소아
네오트린정(테라조신염산염수화물)_(2.374mg/1정),급여,12,세 이하,(주)넥스팜코리아,소아
유니트린정2밀리그램(테라조신염산염수화물) _(2.374mg/1정),급여,12,세 이하,한국유니온제약(주),소아
테로핀정2밀리그램(테라조신염산염수화물)_(2.374mg/1정),급여,12,세 이하,(주)아이월드제약,소아
씨잘액(레보세티리진염산염)_(0.1g/200mL),급여,1,세 미만,한국유씨비제약(주),영유아
알레스잘액(레보세티리진염산염)_(0.25g/500mL),급여,1,세 미만,주식회사 더유제약,영유아
레세린액(레보세티리진염산염)_(0.25g/500mL),급여,1,세 미만,독립바이오제약(주),영유아
레리진액(레보세티리진염산염)_(0.25g/500mL),급여,1,세 미만,(주)유한양행,영유아
엘티리진액(레보세티리진염산염)_(0.25g/500mL),급여,1,세 미만,한미약품(주),영유아
쎄렌잘액(레보세티리진염산염)_(0.25g/500mL),급여,1,세 미만,삼일제약(주),영유아
알티즈액(레보세티리진염산염)_(0.25g/500mL),급여,1,세 미만,조아제약(주),영유아
레보잘액(레보세티리진염산염)_(0.25g/500mL),급여,1,세 미만,한림제약(주),영유아
네오세틴액(레보세티리진염산염)_(0.25g/500mL),급여,1,세 미만,삼아제약(주),영유아
잘티진액(레보세티리진염산염)_(0.25g/500mL),급여,1,세 미만,(주)메디카코리아,영유아
레보세트린액(레보세티리진염산염)_(0.25g/500mL),급여,1,세 미만,한국휴텍스제약(주),영유아
카이잘액(레보세티리진염산염)_(0.25g/500mL),급여,1,세 미만,대우제약(주),영유아
렙티진액(레보세티리진염산염)_(0.25g/500mL),급여,1,세 미만,한화제약(주),영유아
케트라진액(레보세티리진염산염)_(0.25g/500mL),급여,1,세 미만,케이엠에스제약(주),영유아
센레보액(레보세티리진염산염)_(0.25g/500mL),급여,1,세 미만,일성신약(주),영유아
세티날액(레보세티리진염산염)_(0.25g/500mL),급여,1,세 미만,영풍제약(주),영유아
모리캄캡슐(멜록시캄)_(7.5mg/1캡슐),급여,15,세 이하,진양제약(주),청소년
트록시캄캡슐7.5밀리그램(멜록시캄)_(7.5mg/1캡슐),급여,15,세 이하,(주)새한제약,청소년
콕시캄캡슐(멜록시캄)_(7.5mg/1캡슐),급여,15,세 이하,(주)하원제약,청소년
맥캄캡슐(멜록시캄)_(7.5mg/1캡슐),급여,15,세 이하,알보젠코리아(주),청소년
씨오엑스캡슐(멜록시캄)_(7.5mg/1캡슐),급여,15,세 이하,(주)한국파마,청소년
레보록신주(레보플록사신수화물)(수출명: Uniloxin inj.5mg/mL)_(0.51246g/100mL),급여,18,세 이하,한국유나이티드제약(주),청소년
레프퀸인퓨전주(레보플록사신수화물)_(0.51246g/100mL),급여,18,세 이하,대한약품공업(주),청소년
레보프록신주(레보플록사신)_(0.51246g/100mL),급여,18,세 이하,(주)에이프로젠바이오로직스,청소년
크라비트주(레보플록사신)_(0.5g/100mL),급여,18,세 이하,제일약품(주),청소년
레펙신주(레보플록사신수화물)_(0.51246g/100mL),급여,18,세 이하,동광제약(주),청소년
케이레보주(레보플록사신수화물)_(0.51246g/100mL),급여,18,세 이하,한국코러스(주),청소년
유영레보플록사신주(레보플록사신수화물)_(0.51246g/100mL),급여,18,세 이하,(주)유영제약,청소년
레포신주(레보플록사신)_(0.5g/100mL),급여,18,세 이하,신풍제약(주),청소년
렉타신주(레보플록사신수화물)_(0.51246g/100mL),급여,18,세 이하,유니메드제약(주),청소년
타레린주500밀리그램(레보플록사신수화물)_(0.512g/100mL/병),급여,18,세 이하,명문제약(주),청소년
하원레보플록사신주(레보플록사신수화물)_(0.51246g/100mL),급여,18,세 이하,(주)하원제약,청소년
레브록신주(레보플록사신)_(0.51246g/100mL),급여,18,세 이하,(주)한국파마,청소년
테라신정(테라조신염산염수화물)_(2.374mg/1정),급여,12,세 이하,대원제약(주),소아
테라산정2mg(테라조신염산염수화물)_(2.374mg/1정),급여,12,세 이하,아이큐어(주),소아
뉴라조신정2밀리그램(테라조신염산염수화물)_(2.374mg/1정),급여,12,세 이하,(주)다산제약,소아
테라루신정2밀리그램(테라조신염산염수화물)_(2.374mg/1정),급여,12,세 이하,(주)셀트리온제약,소아
하이소린정2mg(테라조신염산염수화물)_(2.374mg/1정),급여,12,세 이하,대웅바이오(주),소아
테로신정(테라조신염산염수화물)_(2.374mg/1정),급여,12,세 이하,정우신약(주),소아
테레신정2밀리그람(테라조신염산염수화물)_(2.374mg/1정),급여,12,세 이하,(주)테라젠이텍스,소아
일양하이트린정5밀리그람(테라조신염산염수화물)_(5.935mg/1정),급여,12,세 이하,일양약품(주),소아
셀테나핀정(테르비나핀염산염)_(0.140625g/1정),급여,2,세 미만,엔비케이제약(주),영유아
라미나핀정(테르비나핀염산염)_(0.140625g/1정),급여,2,세 미만,주식회사 더유제약,영유아
메가터빈정(테르비나핀염산염)_(0.140625g/1정),급여,2,세 미만,(주)엘앤씨바이오,영유아
터핀엠정(테르비나핀염산염)_(0.140625g/1정),급여,2,세 미만,(주)마더스제약,영유아
셀비나정(테르비나핀염산염)_(0.140625g/1정),급여,2,세 미만,(주)텔콘알에프제약,영유아
테라메드정(테라조신염산염수화물)_(2.374mg/1정),급여,12,세 이하,구주제약(주),소아
테트린정2밀리그램(테라조신염산염수화물)_(2.374mg/1정),급여,12,세 이하,대한뉴팜(주),소아
라미휴정(테르비나핀염산염)_(0.140625g/1정),급여,2,세 미만,(주)휴비스트제약,영유아
이테빈정(테르비나핀염산염)_(0.140625g/1정),급여,2,세 미만,(주)이든파마,영유아
테비실정(테르비나핀염산염)_(0.140625g/1정),급여,2,세 미만,(주)오스코리아제약,영유아
테바핀정(테르비나핀염산염)_(0.140625g/1정),급여,2,세 미만,(주)일화,영유아
티오셋세미정_(1정),급여,12,세 미만,(주)휴온스생명과학,소아
엠터나핀정(테르비나핀염산염)_(0.140625g/1정),급여,2,세 미만,맥널티제약(주),영유아
큐라실정125밀리그람(테르비나핀염산염)_(0.140625g/1정),급여,2,세 미만,(주)유한양행,영유아
티비에프정125밀리그램(테르비나핀염산염)_(0.140625g/1정),급여,2,세 미만,동화약품(주),영유아
터비나정125밀리그람(테르비나핀염산염)_(0.140625g/1정),급여,2,세 미만,고려제약(주),영유아
무조날정125밀리그램(테르비나핀염산염)_(0.140625g/1정),급여,2,세 미만,한미약품(주),영유아
나무졸정(테르비나핀염산염)_(0.140625g/1정),급여,2,세 미만,제이더블유신약(주),영유아
태극테르비나핀염산염정_(0.140625g/1정),급여,2,세 미만,태극제약(주),영유아
레가탄연질캡슐(밀크시슬엑스)_(0.175g/1캡슐),급여,12,세 이하,영일제약(주),소아
리브롤연질캡슐(밀크시슬엑스)_(0.175g/1캡슐),급여,12,세 이하,(주)한국파마,소아
레가론캡슐140(밀크시슬건조엑스산)_(0.3394g/1캡슐),급여,12,세 이하,부광약품(주),소아
레가론캡슐70(밀크시슬건조엑스산)_(0.1697g/1캡슐),급여,12,세 이하,부광약품(주),소아
익셀캡슐25밀리그램(밀나시프란염산염)_(25mg/1캡슐),급여,18,세 미만,부광약품(주),청소년
익셀캡슐50밀리그램(밀나시프란염산염)_(50mg/1캡슐),급여,18,세 미만,부광약품(주),청소년
익셀캡슐12.5밀리그램(밀나시프란염산염)_(12.5mg/1캡슐),급여,18,세 미만,부광약품(주),청소년
미노씬캡슐50mg(미노사이클린염산염)_(50mg/1캡슐),급여,12,세 미만,에스케이케미칼(주),소아
레메론정15밀리그램(미르타자핀)_(15mg/1정),급여,18,세 미만,한국오가논(주),청소년
멀타핀정15밀리그램(미르타자핀)_(15mg/1정),급여,18,세 미만,현대약품(주),청소년
영진멀타자핀정15밀리그램(미르타자핀)_(15mg/1정),급여,18,세 미만,영진약품(주),청소년
밀타정15mg(미르타자핀)_(15mg/1정),급여,18,세 미만,명인제약(주),청소년
미르젠탁정15밀리그램(미르타자핀)_(15mg/1정),급여,18,세 미만,환인제약(주),청소년
미르탁스정15mg(미르타자핀)_(15mg/1정),급여,18,세 미만,한국산도스(주),청소년
레메론솔탭정15밀리그램(제피미르타자핀)_(15mg/1정),급여,18,세 미만,한국오가논(주),청소년
명문미르타오디정15밀리그램(미르타자핀)_(15mg/1정),급여,18,세 미만,명문제약(주),청소년
밀타오디정15mg(미르타자핀)_(15mg/1정),급여,18,세 미만,명인제약(주),청소년
미르젠탁오디정15밀리그램(미르타자핀)_(15mg/1정),급여,18,세 미만,환인제약(주),청소년
미르탁스오디티정15밀리그램(미르타자핀)_(15mg/1정),급여,18,세 미만,한국산도스(주),청소년
레메론정30밀리그램(미르타자핀)_(30mg/1정),급여,18,세 미만,한국오가논(주),청소년
멀타핀정30밀리그램(미르타자핀)_(30mg/1정),급여,18,세 미만,현대약품(주),청소년
영진멀타자핀정30밀리그램(미르타자핀)_(30mg/1정),급여,18,세 미만,영진약품(주),청소년
씨펜액(레보세티리진염산염)_(0.25g/500mL)(딸기맛),급여,1,세 미만,한국프라임제약(주),영유아
레보세티린액(레보세티리진염산염)_(0.25g/500mL),급여,1,세 미만,한국유니온제약(주),영유아
세틴잘액(레보세티리진염산염)_(0.25g/500mL),급여,1,세 미만,(주)팜젠사이언스,영유아
레보코트액(레보세티리진염산염)_(0.25g/500mL),급여,1,세 미만,코오롱제약(주),영유아
비알세티액(레보세티리진염산염)_(0.25g/500mL),급여,1,세 미만,(주)보령바이오파마,영유아
알레린액(레보세티리진염산염)_(0.25g/500mL),급여,1,세 미만,주식회사제뉴원사이언스,영유아
레복스주(레보플록사신수화물)_(0.25623g/50mL),급여,18,세 이하,(주)오스코리아제약,청소년
이노엔레보플록사신주_(0.25623g/50mL/백),급여,18,세 이하,에이치케이이노엔(주),청소년
레보펙신주(레보플록사신수화물)_(0.25623g/50mL),급여,18,세 이하,일동제약(주),청소년
레보록신주(레보플록사신수화물)(수출명: Uniloxin inj.5mg/mL)_(0.25623g/50mL),급여,18,세 이하,한국유나이티드제약(주),청소년
크라비트주(레보플록사신)_(0.25g/50mL),급여,18,세 이하,제일약품(주),청소년
레펙신주(레보플록사신수화물)_(0.25623g/50mL),급여,18,세 이하,동광제약(주),청소년
유영레보플록사신주(레보플록사신수화물)_(0.25623g/50mL),급여,18,세 이하,(주)유영제약,청소년
뉴록시캄캡슐7.5밀리그램(멜록시캄)_(7.5mg/1캡슐),급여,15,세 이하,(주)다산제약,청소년
코디프로시럽_(500mL),급여,12,세 미만,영진약품(주),소아
영트라셋세미정_(1정),급여,12,세 미만,영진약품(주),소아
파라마셋정_(1정),급여,12,세 미만,동아에스티(주),소아
파라마셋세미정_(1정),급여,12,세 미만,동아에스티(주),소아
파라마셋이알서방정_(1정),급여,12,세 미만,동아에스티(주),소아
파라마셋이알세미서방정_(1정),급여,12,세 미만,동아에스티(주),소아
타라마돌세미정_(1정),급여,12,세 미만,동화약품(주),소아
타라마돌정_(1정),급여,12,세 미만,동화약품(주),소아
울트라메트세미정_(1정),급여,12,세 미만,고려제약(주),소아
울트라메트정_(1정),급여,12,세 미만,고려제약(주),소아
세타마돌정_(1정),급여,12,세 미만,일동제약(주),소아
세타마돌세미정_(1정),급여,12,세 미만,일동제약(주),소아
아세트람세미정_(1정),급여,12,세 미만,(주)바이넥스,소아
세타돌정_(1정),급여,12,세 미만,동성제약(주),소아
세타돌세미정_(1정),급여,12,세 미만,동성제약(주),소아
래피셋세미정_(1정),급여,12,세 미만,(주)종근당,소아
래피셋정_(1정),급여,12,세 미만,(주)종근당,소아
코데닝정_(1정),급여,12,세 미만,(주)종근당,소아
콤비벨라점안액(1회용)_(0.3mL),급여,2,세 미만,(주)종근당,영유아
트라스펜정_(1정),급여,12,세 미만,한미약품(주),소아
트라스펜세미정_(1정),급여,12,세 미만,한미약품(주),소아
하이셋세미정_(1정),급여,12,세 미만,국제약품(주),소아
하이셋정_(1정),급여,12,세 미만,국제약품(주),소아
셉트린정_(1정),급여,2,개월 미만,삼일제약(주),영유아
포러스안연고_(3.5g),급여,4,주 미만,삼일제약(주),소아
포러스안연고_(5g),급여,4,주 미만,삼일제약(주),소아
록시칼캡슐(멜록시캄)_(7.5mg/1캡슐),급여,15,세 이하,화일약품(주),청소년
멜로그린캡슐7.5밀리그램(멜록시캄)_(7.5mg/1캡슐),급여,15,세 이하,(주)시어스제약,청소년
멜록시엠캡슐7.5밀리그램(멜록시캄)_(7.5mg/1캡슐),급여,15,세 이하,(주)라이트팜텍,청소년
멜록삼캡슐(멜록시캄)_(7.5mg/1캡슐),급여,15,세 이하,(주)한국글로벌제약,청소년
메로빅캡슐(멜록시캄)_(7.5mg/1캡슐),급여,15,세 이하,(주)셀트리온제약,청소년
대웅바이오멜록시캄캡슐7.5밀리그램_(7.5mg/1캡슐),급여,15,세 이하,대웅바이오(주),청소년
모아캄시캡슐7.5mg(멜록시캄)_(7.5mg/1캡슐),급여,15,세 이하,정우신약(주),청소년
멜로캅캡슐7.5밀리그램(멜록시캄)_(7.5mg/1캡슐),급여,15,세 이하,일양바이오팜(주),청소년
모릭스캡슐7.5밀리그램(멜록시캄)_(7.5mg/1캡슐),급여,15,세 이하,(주)한국피엠지제약,청소년
멜로텍스캡슐 7.5mg(멜록시캄)_(7.5mg/1캡슐),급여,15,세 이하,(주)테라젠이텍스,청소년
멜브렉스정7.5밀리그람(멜록시캄)_(7.5mg/1정),급여,15,세 이하,영진약품(주),청소년
멜로디구강붕해정7.5밀리그램(멜로시캄)_(7.5mg/1정),급여,15,세 이하,(주)엔엠제약,청소년
멜로틴캡슐15mg(멜록시캄)_(15mg/1캡슐),급여,15,세 이하,엔비케이제약(주),청소년
이콕스캡슐15밀리그램(멜록시캄)_(15mg/1캡슐),급여,15,세 이하,(주)화이트생명과학,청소년
멜로캄캡슐15밀리그람(멜록시캄)(수출명:유한멜로캄캡슐15밀리그람)_(15mg/1캡슐),급여,15,세 이하,(주)유한양행,청소년
메로콕스캡슐15밀리그램(멜록시캄)_(15mg/1캡슐),급여,15,세 이하,동아에스티(주),청소년
멜락스캡슐15밀리그램(멜록시캄)_(15mg/1캡슐),급여,15,세 이하,(주)종근당,청소년
메록스캄캡슐15밀리그램(멜록시캄)_(15mg/1캡슐),급여,15,세 이하,한미약품(주),청소년
멜록시펜캡슐15밀리그람(멜록시캄)_(15mg/1캡슐),급여,15,세 이하,국제약품(주),청소년
멜로덱스캡슐15밀리그램(멜록시캄)_(15mg/1캡슐),급여,15,세 이하,삼일제약(주),청소년
류멜캡슐15밀리그램(멜록시캄)_(15mg/1캡슐),급여,15,세 이하,한림제약(주),청소년
멜로시드캡슐15밀리그램(멜록시캄)_(15mg/1캡슐),급여,15,세 이하,제일약품(주),청소년
모리캄캡슐15mg(멜록시캄)_(15mg/1캡슐),급여,15,세 이하,진양제약(주),청소년
멜시빅캡슐15밀리그램(멜록시캄)_(15mg/1캡슐),급여,15,세 이하,동국제약(주),청소년
모빅캡슐15밀리그램(멜록시캄)_(15mg/1캡슐),급여,15,세 이하,한국베링거인겔하임(주),청소년
메로빅캡슐15밀리그램(멜록시캄)_(15mg/1캡슐),급여,15,세 이하,(주)셀트리온제약,청소년
대웅바이오멜록시캄캡슐15밀리그램_(15mg/1캡슐),급여,15,세 이하,대웅바이오(주),청소년
모릭스캡슐15밀리그램(멜록시캄)_(15mg/1캡슐),급여,15,세 이하,(주)한국피엠지제약,청소년
파마빅캡슐15밀리그램(멜록시캄)_(15mg/1캡슐),급여,15,세 이하,(주)제뉴파마,청소년
프리마란정(메퀴타진)_(5mg/1정),급여,24,개월 미만,부광약품(주),영유아
소아용프리마란시럽(메퀴타진)_(0.25g/500mL),급여,24,개월 미만,부광약품(주),영유아
펜타사서방과립1g(메살라진)_(1g/1포),급여,6,세 미만,한국페링제약(주),소아
펜타사서방정1g(메살라진)_(1g/1정),급여,6,세 미만,한국페링제약(주),소아
건트라셋세미서방정_(1정),급여,12,세 미만,건일바이오팜주식회사,소아
리카엔플러스크림_(450g),비급여,3,개월 이하,(주)한국글로벌제약,영유아
롱엠씨크림_(10g),비급여,3,개월 이하,주식회사 더유제약,영유아
리프릴크림_(10g),비급여,3,개월 이하,동성제약(주),영유아
아네스크림_(10g),비급여,3,개월 이하,태극제약(주),영유아
듀카인크림_(10g),비급여,3,개월 이하,에이프로젠제약(주),영유아
레폭사신주(레보플록사신수화물)_(0.51246g/100mL),급여,18,세 이하,(주)넥스팜코리아,청소년
프로신주(레보플록사신수화물)_(0.51246g/100mL),급여,18,세 이하,한국유니온제약(주),청소년
프로신주(레보플록사신수화물)_(0.51246g/100mL),급여,18,세 이하,한국유니온제약(주),청소년
하이레보주(레보플록사신수화물)_(0.51246g/100mL),급여,18,세 이하,(주)다산제약,청소년
제이더블유레보플록사신주_(0.5g/100mL),급여,18,세 이하,제이더블유생명과학(주),청소년
레보리스주(레보플록사신수화물)_(0.51246g/100mL),급여,18,세 이하,(주)라이트팜텍,청소년
레복스주(레보플록사신수화물)_(0.76869g/150mL),급여,18,세 이하,(주)오스코리아제약,청소년
이노엔레보플록사신주_(0.76869g/150mL),급여,18,세 이하,에이치케이이노엔(주),청소년
레보펙신주(레보플록사신수화물)_(0.76869g/150mL),급여,18,세 이하,일동제약(주),청소년
아트라쿨정_(1정),급여,12,세 미만,(주)한국파비스제약,소아
아트라쿨서방정_(1정),급여,12,세 미만,(주)한국파비스제약,소아
아트라쿨세미서방정_(1정),급여,12,세 미만,(주)한국파비스제약,소아
아트라쿨세미정_(1정),급여,12,세 미만,(주)한국파비스제약,소아
씨엘트라정_(1정),급여,12,세 미만,(주)씨엘팜,소아
씨엘트라세미정_(1정),급여,12,세 미만,(주)씨엘팜,소아
트라플엠정_(1정),급여,12,세 미만,(주)마더스제약,소아
트라플엠세미정_(1정),급여,12,세 미만,(주)마더스제약,소아
아스트라셋세미정_(1정),급여,12,세 미만,한국신텍스제약(주),소아
아스트라셋정_(1정),급여,12,세 미만,한국신텍스제약(주),소아
콤비간점안액_(5mL),급여,2,세 미만,한국애브비(주),영유아
이트라펜정_(1정),급여,12,세 미만,(주)화이트생명과학,소아
이트라펜세미정_(1정),급여,12,세 미만,(주)화이트생명과학,소아
메디셋정_(1정),급여,12,세 미만,메딕스제약(주),소아
메디셋세미정_(1정),급여,12,세 미만,메딕스제약(주),소아
파인미정_(1정),급여,12,세 미만,(주)휴비스트제약,소아
파인미세미정_(1정),급여,12,세 미만,(주)휴비스트제약,소아
아세돌세미정_(1정),급여,12,세 미만,(주)이든파마,소아
아세돌정_(1정),급여,12,세 미만,(주)이든파마,소아
아세타돌정_(1정),급여,12,세 미만,(주)오스코리아제약,소아
유토펜세미정_(1정),급여,12,세 미만,에이치케이이노엔(주),소아
유토펜정_(1정),급여,12,세 미만,에이치케이이노엔(주),소아
메가아세돌정_(1정),급여,12,세 미만,(주)엘앤씨바이오,소아
건트라셋서방정_(1정),급여,12,세 미만,건일바이오팜주식회사,소아
트라셋펜정_(1정),급여,12,세 미만,(주)일화,소아
트라셋펜세미정_(1정),급여,12,세 미만,(주)일화,소아
터빈정(테르비나핀염산염)_(0.140625g/1정),급여,2,세 미만,경동제약(주),영유아
레보카신주(레보플록사신수화물)_(0.76869g/150mL/백),급여,18,세 이하,국제약품(주),청소년
크라비트주(레보플록사신)_(0.75g/150mL),급여,18,세 이하,제일약품(주),청소년
레펙신주(레보플록사신수화물)_(0.76869g/150mL),급여,18,세 이하,동광제약(주),청소년
밀타정30mg(미르타자핀)_(30mg/1정),급여,18,세 미만,명인제약(주),청소년
미르젠탁정30밀리그램(미르타자핀)_(30mg/1정),급여,18,세 미만,환인제약(주),청소년
미르탁스정30밀리그램(미르타자핀)_(30mg/1정),급여,18,세 미만,한국산도스(주),청소년
레메론솔탭정30밀리그램(제피미르타자핀)_(30mg/1정),급여,18,세 미만,한국오가논(주),청소년
명문미르타오디정30밀리그램(미르타자핀)_(30mg/1정),급여,18,세 미만,명문제약(주),청소년
밀타오디정30mg(미르타자핀)_(30mg/1정),급여,18,세 미만,명인제약(주),청소년
미르젠탁오디정30밀리그램(미르타자핀)_(30mg/1정),급여,18,세 미만,환인제약(주),청소년
미르탁스오디티정30밀리그램(미르타자핀)_(30mg/1정),급여,18,세 미만,한국산도스(주),청소년
밀타정45밀리그램(미르타자핀)_(45mg/1정),급여,18,세 미만,명인제약(주),청소년
멀타핀정7.5밀리그램(미르타자핀)_(7.5mg/1정),급여,18,세 미만,현대약품(주),청소년
영진멀타자핀정7.5밀리그램(미르타자핀)_(7.5mg/1정),급여,18,세 미만,영진약품(주),청소년
밀타정7.5밀리그램(미르타자핀)_(7.5mg/1정),급여,18,세 미만,명인제약(주),청소년
미르젠탁정7.5밀리그램(미르타자핀)_(7.5mg/1정),급여,18,세 미만,환인제약(주),청소년
밀타오디정7.5mg(미르타자핀)_(7.5mg/1정),급여,18,세 미만,명인제약(주),청소년
미르젠탁오디정7.5밀리그램(미르타자핀)_(7.5mg/1정),급여,18,세 미만,환인제약(주),청소년
라니텐정125mg(테르비나핀염산염)_(0.140625g/1정),급여,2,세 미만,한국휴텍스제약(주),영유아
베라핀정(테르비나핀염산염)_(0.140625g/1정),급여,2,세 미만,영일제약(주),영유아
리메신정(테르비나핀염산염)_(0.140625g/1정),급여,2,세 미만,대우제약(주),영유아
나토실정(테르비나핀염산염)_(0.140625g/1정),급여,2,세 미만,진양제약(주),영유아
레스포정(테르비나핀염산염)_(0.140625g/1정),급여,2,세 미만,(주)하원제약,영유아
텔비나정(테르비나핀염산염)_(0.140625g/1정),급여,2,세 미만,알보젠코리아(주),영유아
서울테르비나핀염산염정_(0.140625g/1정),급여,2,세 미만,(주)서울제약,영유아
테르졸정(테르비나핀염산염)_(0.140625g/1정),급여,2,세 미만,(주)한국파마,영유아
라미실정125밀리그램(테르비나핀염산염)_(0.140625g/1정),급여,2,세 미만,한국노바티스(주),영유아
테나빈정(테르비나핀염산염)_(0.140625g/1정),급여,2,세 미만,한올바이오파마(주),영유아
라피덤정(테르비나핀염산염)_(0.140625g/1정),급여,2,세 미만,환인제약(주),영유아
라모난정(테르비나핀염산염)_(0.140625g/1정),급여,2,세 미만,(주)동구바이오제약,영유아
타비나핀정(테르비나핀염산염)_(0.140625g/1정),급여,2,세 미만,(주)비보존제약,영유아
센토스정(테르비나핀염산염)_(0.140625g/1정),급여,2,세 미만,(주)메디카코리아,영유아
터비넥스정(테르비나핀염산염)_(0.140625g/1정),급여,2,세 미만,에이치엘비제약(주),영유아
테르나정(테르비나핀염산염)_(0.140625g/1정),급여,2,세 미만,위더스제약(주),영유아
테로벤정(테르비나핀염산염)_(0.140625g/1정),급여,2,세 미만,(주)넥스팜코리아,영유아
라미핀정(테르비나핀염산염)_(0.140625g/1정),급여,2,세 미만,코오롱제약(주),영유아
터나빈정(테르비나핀염산염)_(0.140625g/1정),급여,2,세 미만,주식회사제뉴원사이언스,영유아
미코실정(테르비나핀염산염)_(0.140625g/1정),급여,2,세 미만,대원제약(주),영유아
라미가드정(테르비나핀염산염)_(0.140625g/1정),급여,2,세 미만,(주)다산제약,영유아
라이트테르비나핀정125밀리그램(테르비나핀염산염)_(0.140625g/1정),급여,2,세 미만,(주)라이트팜텍,영유아
라미틴정(테르비나핀염산염)_(0.140625g/1정),급여,2,세 미만,(주)한국글로벌제약,영유아
셀나핀정(테르비나핀염산염)_(0.140625g/1정),급여,2,세 미만,(주)셀트리온제약,영유아
터비클린정(테르비나핀염산염)_(0.140625g/1정),급여,2,세 미만,대웅바이오(주),영유아
포스테오주(테리파라타이드)_(0.6mg/2.4mL),급여,18,세 미만,한국릴리(유),청소년
보령모메타손스프레이(모메타손푸로에이트)_(4mg/80회),급여,24,개월 미만,(주)보령,영유아
큐모타손크림(모메타손푸로에이트)_(5mg/5g),급여,2,세 이하,풍림무약(주),영유아
모코나잘스프레이(모메타손푸로에이트)_(7mg/140회),급여,24,개월 미만,독립바이오제약(주),영유아
"포러스점안액(수출명:Forus 포러스, Pomxane 폼세인)_(10mL)",급여,4,주 미만,삼일제약(주),소아
타미트라정_(1정),급여,12,세 미만,삼익제약(주),소아
타미트라세미정_(1정),급여,12,세 미만,삼익제약(주),소아
트라마셋정_(1정),급여,12,세 미만,제이더블유신약(주),소아
코담시럽_(20mL/포(스틱)),급여,12,세 미만,제이더블유신약(주),소아
팩펜트나잘스프레이100마이크로그램(펜타닐시트르산염)_(0.8mg/8회),급여,18,세 미만,한국메나리니(주),청소년
팩펜트나잘스프레이400마이크로그램(펜타닐시트르산염)_(3.2mg/8회),급여,18,세 미만,한국메나리니(주),청소년
나르코설하정200마이크로그램(펜타닐시트르산염)_(0.3142mg/1정),급여,18,세 미만,(주)비씨월드제약,청소년
앱스트랄설하정200마이크로그램(펜타닐시트르산염)_(0.3142mg/1정),급여,18,세 미만,한국메나리니(주),청소년
앱스트랄설하정400마이크로그램(펜타닐시트르산염)_(0.6284mg/1정),급여,18,세 미만,한국메나리니(주),청소년
나르코설하정100마이크로그램(펜타닐시트르산염)_(0.1571mg/1정),급여,18,세 미만,(주)비씨월드제약,청소년
앱스트랄설하정100마이크로그램(펜타닐시트르산염)_(0.1571mg/1정),급여,18,세 미만,한국메나리니(주),청소년
나르코설하정300마이크로그램(펜타닐시트르산염)_(0.4713mg/1정),급여,18,세 미만,(주)비씨월드제약,청소년
앱스트랄설하정300마이크로그램(펜타닐시트르산염)_(0.4173mg/1정),급여,18,세 미만,한국메나리니(주),청소년
나조메가나잘스프레이(모메타손푸로에이트)_(4mg/80회),급여,24,개월 미만,(주)대웅제약,영유아
달마돔정(플루라제팜염산염)_(15mg/1정),급여,15,세 이하,고려제약(주),청소년
큐티베이트크림(플루티카손프로피오네이트(미분화))_(7.5mg/15g),급여,3,개월 미만,(주)글락소스미스클라인,영유아
팩티브정320밀리그램(메탄설폰산제미플록사신)_(0.42639g/1정),급여,18,세 이하,(주)엘지화학,청소년
레포신주(레보플록사신)_(0.25g/50mL),급여,18,세 이하,신풍제약(주),청소년
렉타신주(레보플록사신수화물)_(0.25623g/50mL),급여,18,세 이하,유니메드제약(주),청소년
레브록신주(레보플록사신)_(0.25623g/50mL),급여,18,세 이하,(주)한국파마,청소년
프로신주(레보플록사신수화물)_(0.25623g/50mL),급여,18,세 이하,한국유니온제약(주),청소년
프로신주(레보플록사신수화물)_(0.25623g/50mL),급여,18,세 이하,한국유니온제약(주),청소년
제이더블유레보플록사신주_(0.25g/50mL),급여,18,세 이하,제이더블유생명과학(주),청소년
레보플주(레보플록사신수화물)_(0.51246g/100mL),급여,18,세 이하,코스맥스파마(주),청소년
레복스주(레보플록사신수화물)_(0.51246g/100mL),급여,18,세 이하,(주)오스코리아제약,청소년
이노엔레보플록사신주_(0.51246g/100mL/백),급여,18,세 이하,에이치케이이노엔(주),청소년
삼성레보플록사신주(레보플록사신수화물)_(0.51246g/100mL),급여,18,세 이하,삼성제약(주),청소년
레보펙신주(레보플록사신수화물)_(0.51246g/100mL),급여,18,세 이하,일동제약(주),청소년
레보카신주(레보플록사신수화물)_(0.51246g/100mL/백),급여,18,세 이하,국제약품(주),청소년
펜타사좌약(메살라진)_(1g/1개),급여,4,주 미만,한국페링제약(주),소아
팩티브주200밀리그램(제미플록사신메탄설폰산염)_(0.2494g/1병),급여,18,세 이하,(주)엘지화학,청소년
보네조아정(이반드론산나트륨일수화물)_(0.16875g/1정),급여,18,세 이하,(주)화이트생명과학,청소년
이반드퀄정150밀리그램(이반드론산나트륨일수화물)_(0.1688g/1정),급여,18,세 이하,(주)한독테바,청소년
본이반정150밀리그램(이반드론산나트륨일수화물)_(0.16875g/1정),급여,18,세 이하,(주)휴비스트제약,청소년
일양이반드론산정150밀리그램(이반드론산나트륨일수화물)_(0.16875g/1정),급여,18,세 이하,일양약품(주),청소년
이바본정150밀리그램(이반드론산나트륨일수화물)_(0.16875g/1정),급여,18,세 이하,일동제약(주),청소년
펜타사서방정500밀리그램(메살라진)_(0.5g/1정),급여,6,세 미만,한국페링제약(주),소아
아사콜좌약500밀리그람(메살라진)_(0.5g/1개),급여,4,주 미만,(주)대웅제약,소아
펜타사서방과립2그램(메살라진)_(2g/1포),급여,6,세 미만,한국페링제약(주),소아
아사콜디알정400밀리그람(메살라진)_(0.4g/1정),급여,2,세 미만,(주)대웅제약,영유아
메자반트엑스엘장용정1200밀리그램(메살라진)_(1.2g/1정),급여,2,세 미만,한국다케다제약(주),영유아
아사콜디알정1600밀리그람(메살라진)_(1.6g/1정),급여,2,세 미만,(주)대웅제약,영유아
아사콜관장액4그람/100밀리리터(메살라진)_(4g/100mL),급여,12,세 미만,(주)대웅제약,소아
메디키넷리타드캡슐10mg(메틸페니데이트염산염)_(10mg/1캡슐),급여,5,세 이하,명인제약(주),소아
페로스핀정10밀리그램(메틸페니데이트염산염)_(10mg/1정),급여,5,세 이하,명인제약(주),소아
페니드정10밀리그램(메틸페니데이트염산염)_(10mg/1정),급여,5,세 이하,환인제약(주),소아
메디키넷리타드캡슐5mg(메틸페니데이트염산염)_(5mg/1캡슐),급여,5,세 이하,명인제약(주),소아
페로스핀정5mg(메틸페니데이트염산염)_(5mg/1정),급여,5,세 이하,명인제약(주),소아
페니드정5밀리그램(메틸페니데이트염산염)_(5mg/1정),급여,5,세 이하,환인제약(주),소아
콘서타OROS서방정18밀리그램(메틸페니데이트염산염)_(18mg/1정),급여,5,세 이하,(주)한국얀센,소아
콘서타OROS서방정36밀리그램(메틸페니데이트염산염)_(36mg/1정),급여,5,세 이하,(주)한국얀센,소아
메디키넷리타드캡슐20mg(메틸페니데이트염산염)_(20mg/1캡슐),급여,5,세 이하,명인제약(주),소아
콘서타OROS서방정27밀리그램(메틸페니데이트염산염)_(27mg/1정),급여,5,세 이하,(주)한국얀센,소아
메디키넷리타드캡슐30mg(메틸페니데이트염산염)_(30mg/1캡슐),급여,5,세 이하,명인제약(주),소아
메디키넷리타드캡슐40mg(메틸페니데이트염산염)_(40mg/1캡슐),급여,5,세 이하,명인제약(주),소아
콘서타OROS서방정54밀리그램(메틸페니데이트염산염)_(54mg/1정),급여,5,세 이하,(주)한국얀센,소아
맥페란정(메토클로프라미드)_(3.84mg/1정),급여,1,세 미만,동화약품(주),영유아
맥페란주사액2밀리리터(메토클로프라미드염산염수화물)_(10mg/2mL),급여,1,세 미만,동화약품(주),영유아
가스트로메토주(메토클로프라미드염산염수화물)_(10mg/2mL),급여,1,세 미만,대한약품공업(주),영유아
"멕쿨주(메토클로프라미드염산염)_(메토클로프라미드염산염수화물, 10mg/2mL)",급여,1,세 미만,(주)제일제약,영유아
시슬린연질캡슐(밀크시슬열매건조엑스)_(0.35g/1캡슐),급여,12,세 이하,삼일제약(주),소아
가네리버연질캡슐350mg(밀크시슬엑스)_(0.35g/1캡슐),급여,12,세 이하,한국휴텍스제약(주),소아
하노마린350연질캡슐(밀크시슬엑스)_(0.35g/1캡슐),급여,12,세 이하,한올바이오파마(주),소아
리버큐연질캡슐(밀크시슬엑스)_(0.35g/1캡슐),급여,12,세 이하,(주)서흥,소아
가네리버연질캡슐175mg(밀크시슬엑스)_(0.175g/1캡슐),급여,12,세 이하,한국휴텍스제약(주),소아
트라세타정_(1정),급여,12,세 미만,(주)대웅제약,소아
트라세타세미정_(1정),급여,12,세 미만,(주)대웅제약,소아
트라세타서방정_(1정),급여,12,세 미만,(주)대웅제약,소아
트라세타세미서방정_(1정),급여,12,세 미만,(주)대웅제약,소아
돌트람셋세미정_(1정),급여,12,세 미만,광동제약(주),소아
돌트람셋정_(1정),급여,12,세 미만,광동제약(주),소아
네오메디코푸정_(1정),급여,12,세 미만,(주)보령,소아
맥스노펜세미정_(1정),급여,12,세 미만,(주)보령,소아
맥스노펜정_(1정),급여,12,세 미만,(주)보령,소아
펜큐어세미정_(1정),급여,12,세 미만,현대약품(주),소아
펜큐어정_(1정),급여,12,세 미만,현대약품(주),소아
코프원시럽_(20mL),급여,12,세 미만,현대약품(주),소아
코프원시럽_(500mL),급여,12,세 미만,현대약품(주),소아
코푸시럽_(500mL),급여,12,세 미만,(주)유한양행,소아
코푸시럽_(20mL),급여,12,세 미만,(주)유한양행,소아
코푸정_(1정),급여,12,세 미만,(주)유한양행,소아
코푸시럽_(13mL),급여,12,세 미만,(주)유한양행,소아
스트롱셋정_(1정),급여,12,세 미만,삼성제약(주),소아
울트라맥정_(1정),급여,12,세 미만,맥널티제약(주),소아
울트라맥세미정_(1정),급여,12,세 미만,맥널티제약(주),소아
스트롱셋세미정_(1정),급여,12,세 미만,삼성제약(주),소아
영트라셋정_(1정),급여,12,세 미만,영진약품(주),소아
코디프로시럽_(20mL),급여,12,세 미만,영진약품(주),소아
테로사카트리지주(테리파라타이드)_(0.6mg/2.4mL),급여,18,세 미만,(주)대원제약,청소년
테리본피하주사56.5마이크로그램(테리파라타이드아세트산염)_(60.6μg/1병),급여,18,세 미만,동아에스티(주),청소년
테라싸이클린캅셀250밀리그람(염산테트라싸이클린)_(0.25g/1캡슐),급여,12,세 미만,(주)종근당,소아
타이가실주(타이제사이클린)_(50mg/1병),급여,8,세 이하,한국화이자제약(주),소아
큐덱시서방캡슐100밀리그램(토피라메이트)_(0.1g/1캡슐),급여,2,세 미만,에스케이케미칼(주),영유아
아토맥정100밀리그램(토피라메이트)_(0.1g/1정),급여,2,세 미만,(주)아리제약,영유아
토파원정100밀리그램(토피라메이트)_(0.1g/1정),급여,2,세 미만,(주)마더스제약,영유아
피엠에스토피라메이트정100밀리그램_(0.1g/1정),급여,2,세 미만,파마사이언스코리아(주),영유아
보령토피라메이트정100밀리그램_(0.1g/1정),급여,2,세 미만,(주)보령,영유아
토파린정100밀리그램(토피라메이트)_(0.1g/1정),급여,2,세 미만,현대약품(주),영유아
토파메드정100밀리그램(토피라메이트)_(0.1g/1정),급여,2,세 미만,일동제약(주),영유아
토피라정100밀리그램(토피라메이트)_(0.1g/1정),급여,2,세 미만,한미약품(주),영유아
토피론정100밀리그램(토피라메이트)_(0.1g/1정),급여,2,세 미만,한림제약(주),영유아
토파맥스정100밀리그램(토피라메이트)_(0.1g/1정),급여,2,세 미만,(주)한국얀센,영유아
토피맥스정100mg(토피라메이트)_(0.1g/1정),급여,2,세 미만,한국휴텍스제약(주),영유아
유니토파정(토피라메이트)_(0.1g/1정),급여,2,세 미만,유니메드제약(주),영유아
토파민정(토피라메이트)_(0.1g/1정),급여,2,세 미만,명문제약(주),영유아
한화토피라메이트정100밀리그램_(0.1g/1정),급여,2,세 미만,한화제약(주),영유아
토파메이트정100밀리그람(토피라메이트)_(0.1g/1정),급여,2,세 미만,명인제약(주),영유아
토팜정(토피라메이트)_(0.1g/1정),급여,2,세 미만,알보젠코리아(주),영유아
피트메이트정100밀리그램(토피라메이트)_(0.1g/1정),급여,2,세 미만,동국제약(주),영유아
토피라트정100밀리그램(토피라메이트)_(0.1g/1정),급여,2,세 미만,환인제약(주),영유아
토맥스정100밀리그램(토피라메이트)_(0.1g/1정),급여,2,세 미만,하나제약(주),영유아
세티정(토피라메이트)_(0.1g/1정),급여,2,세 미만,(주)휴온스,영유아
토파스정100밀리그램(토피라메이트)_(0.1g/1정),급여,2,세 미만,(주)셀트리온제약,영유아
토피스트정100밀리그램(토피라메이트)_(0.1g/1정),급여,2,세 미만,대웅바이오(주),영유아
큐덱시서방캡슐200밀리그램(토피라메이트)_(0.2g/1캡슐),급여,2,세 미만,에스케이케미칼(주),영유아
토파맥스스프링클캡슐25밀리그램(토피라메이트)_(25mg/1캡슐),급여,2,세 미만,(주)한국얀센,영유아
레보플라정100밀리그램(레보플록사신수화물)_(0.10249g/1정),급여,18,세 이하,일성아이에스(주),청소년
레보파신정(레보플록사신)(수출명: LEVOGEM)_(0.1g/1정),급여,18,세 이하,알리코제약(주),청소년
피엠에스둘록세틴캡슐30mg(둘록세틴염산염)_(33.7mg/1캡슐),급여,18,세 미만,(주)제뉴파마,청소년
둘록사정30밀리그램 (둘록세틴염산염)_(33.65mg/1정),급여,18,세 미만,일동제약(주),청소년
듀록틴캡슐60밀리그램(둘록세틴염산염)_(67.3mg/1캡슐),급여,18,세 미만,건일바이오팜주식회사,청소년
두울세틴캡슐60밀리그램(둘록세틴염산염)_(67.3mg/1캡슐),급여,18,세 미만,(주)마더스제약,청소년
듀록타캡슐60밀리그램(둘록세틴염산염)_(67.3mg/1캡슐),급여,18,세 미만,에이치케이이노엔(주),청소년
투발타캡슐60밀리그램(둘록세틴염산염)_(67.3mg/1캡슐),급여,18,세 미만,현대약품(주),청소년
듀로프렉스캡슐60밀리그램(둘록세틴염산염)_(67.3mg/1캡슐),급여,18,세 미만,고려제약(주),청소년
두셀라캡슐60밀리그램(둘록세틴염산염)_(67.3mg/1캡슐),급여,18,세 미만,한림제약(주),청소년
동광둘록세틴캡슐60밀리그램(둘록세틴염산염)_(67.3mg/1캡슐),급여,18,세 미만,동광제약(주),청소년
듀세타캡슐60밀리그램(둘록세틴염산염)_(67.3mg/1캡슐),급여,18,세 미만,(주)메디카코리아,청소년
세바타캡슐60밀리그램(둘록세틴염산염)_(67.3mg/1캡슐),급여,18,세 미만,삼진제약(주),청소년
유록틴캡슐60밀리그램(둘록세틴염산염)_(67.3mg/1캡슐),급여,18,세 미만,(주)유영제약,청소년
아벨록스정400밀리그람(목시플록사신염산염)_(0.4368g/1정),급여,18,세 미만,바이엘코리아(주),청소년
모록사신정400밀리그램(목시플록사신염산염)_(0.4368g/1정),급여,18,세 미만,한미약품(주),청소년
조이록신정400밀리그램(목시플록사신염산염)_(0.4368g/1정),급여,18,세 미만,한국유나이티드제약(주),청소년
퀴녹스정400밀리그램(목시플록사신염산염)_(0.4368g/1정),급여,18,세 미만,(주)비씨월드제약,청소년
프로이반주(이반드론산나트륨일수화물)_(3.375mg/3mL),급여,18,세 이하,환인제약(주),청소년
하니반주(이반드론산나트륨일수화물)(프리필드)_(3.375mg/3mL),급여,18,세 이하,하나제약(주),청소년
본렌트주(이반드론산나트륨일수화물)_(3.375mg/3mL),급여,18,세 이하,이연제약(주),청소년
팜비바주(이반드론산나트륨일수화물)_(3.375mg/3mL),급여,18,세 이하,(주)한국팜비오,청소년
이반산주(이반드론산나트륨일수화물)_(3.375mg/3mL),급여,18,세 이하,위더스제약(주),청소년
유니이반드론주(이반드론산나트륨일수화물)_(3.375mg/3mL),급여,18,세 이하,한국유니온제약(주),청소년
본바넬주(이반드론산나트륨일수화물)_(3.375mg/3mL),급여,18,세 이하,(주)아이월드제약,청소년
이바넬주(이반드론산나트륨일수화물)_(3.375mg/3mL),급여,18,세 이하,구주제약(주),청소년
엔피본주(이반드론산나트륨일수화물)_(3.375mg/3mL),급여,18,세 이하,대한뉴팜(주),청소년
본비스주(이반드론산나트륨일수화물)_(3.375mg/3mL),급여,18,세 이하,(주)팜젠사이언스,청소년
아미카본주(이반드론산나트륨일수화물)_(3.375mg/3mL),급여,18,세 이하,(주)휴온스,청소년
오스맥주3mg/3ml(이반드론산나트륨일수화물)_(3.375mg/3mL),급여,18,세 이하,초당약품공업(주),청소년
지씨웰빙본헬스주(이반드론산나트륨일수화물)_(3.375mg/3mL),급여,18,세 이하,(주)녹십자웰빙,청소년
본큐어주(이반드론산나트륨일수화물)_(3.375mg/3mL),급여,18,세 이하,(주)라이트팜텍,청소년
본비넬주(이반드론산나트륨일수화물)_(3.375mg/3mL),급여,18,세 이하,대웅바이오(주),청소년
드로반주(이반드론산나트륨일수화물)_(3.375mg/3mL),급여,18,세 이하,(주)한국피엠지제약,청소년
부광케토프로펜주100밀리그램_(0.1g/2mL),급여,4,주 미만,부광약품(주),소아
삼천당케토프로펜주100밀리그람(수출명:케페인주)_(0.1g/2mL),급여,4,주 미만,삼천당제약(주),소아
시푸로겔3%(케토프로펜)_(0.6g/20g),급여,15,세 미만,삼진제약(주),청소년
케노펜겔(케토프로펜)_(1.5g/50g),급여,15,세 미만,일동제약(주),청소년
루마겔(케토프로펜)_(1.5g/50g),급여,15,세 미만,한미약품(주),청소년
조아스트롱조인트겔(케토프로펜)_(1.5g/50g),급여,15,세 미만,조아제약(주),청소년
동구레보플록사신수화물정250mg_(0.25615g/1정),급여,18,세 이하,(주)동구바이오제약,청소년
알피레보플록사신정250mg(레보플록사신수화물)_(0.25615g/1정),급여,18,세 이하,(주)알피바이오,청소년
두타케어정0.5밀리그램(두타스테리드)_(0.5mg/1정),급여,18,세 미만,주식회사 더유제약,청소년
두타린정0.5밀리그램(두타스테리드)_(0.5mg/1정),급여,18,세 미만,한국신텍스제약(주),청소년
두타스타정0.5밀리그램(두타스테리드)_(0.5mg/1정),급여,18,세 미만,(주)화이트생명과학,청소년
두리드정0.5밀리그램(두타스테리드)_(0.5mg/1정),급여,18,세 미만,(주)텔콘알에프제약,청소년
아리드정0.5밀리그램(두타스테리드)_(0.5mg/1정),급여,18,세 미만,메딕스제약(주),청소년
케이두타다트정0.5밀리그램(두타스테리드)_(0.5mg/1정),급여,18,세 미만,에이치케이이노엔(주),청소년
다모다트정0.5밀리그램(두타스테리드)_(0.5mg/1정),급여,18,세 미만,현대약품(주),청소년
삼성두타스테리드정0.5밀리그램_(0.5mg/1정),급여,18,세 미만,삼성제약(주),청소년
두타반플러스정(두타스테리드)_(0.5mg/1정),급여,18,세 미만,동아에스티(주),청소년
네오다트정0.5밀리그램(두타스테리드)_(0.5mg/1정),급여,18,세 미만,제이더블유신약(주),청소년
제이다트정0.5밀리그램(두타스테리드)_(0.5mg/1정),급여,18,세 미만,제이더블유중외제약(주),청소년
두타브정0.5mg(두타스테리드)_(0.5mg/1정),급여,18,세 미만,(주)에이프로젠바이오로직스,청소년
두테론정0.5mg(두타스테리드)_(0.5mg/1정),급여,18,세 미만,동광제약(주),청소년
두타스테린정0.5밀리그램(두타스테리드)_(0.5mg/1정),급여,18,세 미만,에이치엘비제약(주),청소년
두로칸정0.5밀리그램(두타스테리드)_(0.5mg/1정),급여,18,세 미만,경동제약(주),청소년
에이두타정0.5밀리그램(두타스테리드)_(0.5mg/1정),급여,18,세 미만,안국약품(주),청소년
두타라이드연질캡슐0.5밀리그램(두타스테리드)_(0.5mg/1캡슐),급여,18,세 미만,주식회사큐엘파마,청소년
대웅바이오두타스테리드연질캡슐0.5밀리그램_(0.5mg/1캡슐),급여,18,세 미만,대웅바이오(주),청소년
삼천당두타스테리드정0.5밀리그램_(0.5mg/1정),급여,18,세 미만,삼천당제약(주),청소년
두타론정0.5밀리그램(두타스테리드)_(0.5mg/1정),급여,18,세 미만,알보젠코리아(주),청소년
아보타스정(두타스테리드)_(0.5mg/1정),급여,18,세 미만,(주)한국파마,청소년
아다모정0.5밀리그램(두타스테리드)_(0.5mg/1정),급여,18,세 미만,한올바이오파마(주),청소년
두타리드정0.5밀리그램(두타스테리드)_(0.5mg/1정),급여,18,세 미만,(주)동구바이오제약,청소년
두로케어정0.5밀리그램(두타스테리드)_(0.5mg/1정),급여,18,세 미만,하나제약(주),청소년
아보테드정0.5밀리그램(두타스테리드)_(0.5mg/1정),급여,18,세 미만,영풍제약(주),청소년
영진티아넵틴정(티아넵틴나트륨)_(12.5mg/1정),급여,15,세 미만,영진약품(주),청소년
스타넵틴정(티아넵틴나트륨)_(12.5mg/1정),급여,15,세 미만,동화약품(주),청소년
코세틴정(레보세티리진염산염)(수출명 : Centizal)_(5mg/1정),급여,6,세 미만,삼익제약(주),소아
알러반정(레보세티리진염산염)_(5mg/1정),급여,6,세 미만,제이더블유신약(주),소아
쎄잘정5밀리그램(레보세티리진염산염)_(5mg/1정),급여,6,세 미만,한국유나이티드제약(주),소아
알레세틴정5밀리그램(레보세티리진염산염)_(5mg/1정),급여,6,세 미만,태극제약(주),소아
레보잘정(레보세티리진염산염)_(5mg/1정),급여,6,세 미만,한림제약(주),소아
세티잘정(레보세티리진염산염)_(5mg/1정),급여,6,세 미만,제일약품(주),소아
네오세틴정(레보세티리진염산염)_(5mg/1정),급여,6,세 미만,삼아제약(주),소아
레보세잘정5밀리그램(레보세티리진염산염)_(5mg/1정),급여,6,세 미만,동광제약(주),소아
잘티진정(레보세티리진염산염)_(5mg/1정),급여,6,세 미만,(주)메디카코리아,소아
레세티정(레보세티리진염산염)_(5mg/1정),급여,6,세 미만,(주)뉴젠팜,소아
레티린정(레보세티리진염산염)_(5mg/1정),급여,6,세 미만,에이치엘비제약(주),소아
스타리진정(레보세티리진염산염)_(5mg/1정),급여,6,세 미만,경동제약(주),소아
레보셋정(레보세티리진염산염)_(5mg/1정),급여,6,세 미만,(주)유영제약,소아
레보센정(레보세티리진염산염)_(5mg/1정),급여,6,세 미만,신풍제약(주),소아
씨티리진정(레보세티리진염산염)_(5mg/1정),급여,6,세 미만,풍림무약(주),소아
레보세트린정(레보세티리진염산염)_(5mg/1정),급여,6,세 미만,한국휴텍스제약(주),소아
레보지텍정(레보세티리진염산염)_(5mg/1정),급여,6,세 미만,유니메드제약(주),소아
카이잘정(염산레보세티리진)(수출명:레보디핀정)_(5mg/1정),급여,6,세 미만,대우제약(주),소아
레보티딘정(레보세티리진염산염)_(5mg/1정),급여,6,세 미만,지엘파마(주),소아
레보틸정(레보세티리진염산염)_(5mg/1정),급여,6,세 미만,명문제약(주),소아
엘레틴정(레보세티리진염산염)_(5mg/1정),급여,6,세 미만,안국약품(주),소아
레보세진정5밀리그램(레보세티리진염산염)_(5mg/1정),급여,6,세 미만,진양제약(주),소아
쎄티린정(레보세티리진염산염)_(5mg/1정),급여,6,세 미만,삼천당제약(주),소아
듀로센캡슐60밀리그램(둘록세틴염산염)_(67.3mg/1캡슐),급여,18,세 미만,유니메드제약(주),청소년
드록틴캡슐60mg(둘록세틴염산염)_(67.3mg/1캡슐),급여,18,세 미만,명인제약(주),청소년
코코타손로션(모메타손푸로에이트)_(60mg/60g),급여,2,세 이하,한국휴텍스제약(주),영유아
더모타손엠엘이로션(모메타손푸로에이트)_(60mg/60g),급여,2,세 이하,(주)동구바이오제약,영유아
더모타손엠엘이로션(모메타손푸로에이트)_(60mg/60g),급여,2,세 이하,(주)동구바이오제약,영유아
에스지모메존로션(모메타손푸로에이트)_(60mg/60g),급여,2,세 이하,(주)옵투스제약,영유아
모멘트로션(모메타손푸로에이트)_(60mg/60g),급여,2,세 이하,(주)티디에스팜,영유아
제이모메손로션(모메타손푸로에이트)_(60mg/60g),급여,2,세 이하,(주)라이트팜텍,영유아
프로몬로션(모메타손푸로에이트)_(60mg/60g),급여,2,세 이하,(주)제뉴파마,영유아
메이손로션(모메타손푸로에이트)_(60mg/60g),급여,2,세 이하,(주)테라젠이텍스,영유아
라벨리아로션(모메타손푸로에이트)_(0.118g/118g),급여,2,세 이하,태극제약(주),영유아
모리코트연고(푸로산모메타손)_(0.45g/450g),급여,2,세 이하,동광제약(주),영유아
모멘타크림(모메타손푸로에이트)_(0.5g/500g),급여,2,세 이하,주식회사 더유제약,영유아
라벨리아크림(모메타손푸로에이트)_(0.5g/500g),급여,2,세 이하,태극제약(주),영유아
"모리코트크림_(모메타손푸로에이트, 0.5g/500g)",급여,2,세 이하,동광제약(주),영유아
모메손크림(모메타손푸로에이트)_(0.5g/500g),급여,2,세 이하,오스틴제약(주),영유아
케토파인겔(케토프로펜)_(1.5g/50g),급여,15,세 미만,태극제약(주),청소년
케바논겔(케토프로펜)_(1.5g/50g),급여,15,세 미만,대화제약(주),청소년
오디스겔(케토프로펜)_(1.5g/50g),급여,15,세 미만,동광제약(주),청소년
뉴펜겔(케토프로펜)_(1.5g/50g),급여,15,세 미만,에이치엘비제약(주),청소년
케토톱겔(케토프로펜)_(1.5g/50g),급여,15,세 미만,(주)한독,청소년
에스겔(케토프로펜)_(1.5g/50g),급여,15,세 미만,알리코제약(주),청소년
유니레보정(레보플록사신수화물)_(0.1g/1정),급여,18,세 이하,구주제약(주),청소년
레비신정(레보플록사신)_(0.1g/1정),급여,18,세 이하,대한뉴팜(주),청소년
"레바록스정100밀리그램(레보플록사신수화물)(수출명:레보플록스, 레바닉정)_(0.10249g/1정)",급여,18,세 이하,(주)팜젠사이언스,청소년
크레보트정(레보플록사신수화물)_(0.1g/1정),급여,18,세 이하,(주)보령바이오파마,청소년
레보바이정(레보플록사신수화물)_(0.1g/1정),급여,18,세 이하,(주)휴온스,청소년
원플록신정(레보플록사신수화물)_(0.1g/1정),급여,18,세 이하,대원제약(주),청소년
하이레보정100밀리그램(레보플록사신수화물)_(0.10249g/1정),급여,18,세 이하,(주)다산제약,청소년
글로비트정(레보플록사신수화물)_(0.1g/1정),급여,18,세 이하,(주)한국글로벌제약,청소년
셀트리온레보플록사신정100밀리그램(레보플록사신수화물)_(0.10249g/1정),급여,18,세 이하,(주)셀트리온제약,청소년
크라보신정100밀리그램(레보플록사신수화물)_(0.10249g/1정),급여,18,세 이하,대웅바이오(주),청소년
두테스정0.5밀리그램(두타스테리드)_(0.5mg/1정),급여,18,세 미만,(주)넥스팜코리아,청소년
아리드정0.5밀리그램(두타스테리드)_(0.5mg/1정),급여,18,세 미만,한국프라임제약(주),청소년
듀타그렌정0.5mg(두타스테리드)_(0.5mg/1정),급여,18,세 미만,구주제약(주),청소년
엔피다트정(두타스테리드)_(0.5mg/1정),급여,18,세 미만,대한뉴팜(주),청소년
두타엘정0.5밀리그램(두타스테리드)_(0.5mg/1정),급여,18,세 미만,주식회사큐엘파마,청소년
네스티칼현탁액(폴리스티렌설폰산칼슘)_(5g/20mL),급여,1,개월 미만,(주)엘지화학,영유아
카비엠현탁액(폴리스티렌설폰산칼슘)_(5g/20mL),급여,1,개월 미만,(주)팜젠사이언스,영유아
휴온스카로스현탁액(폴리스티렌설폰산칼슘)_(5g/20mL),급여,1,개월 미만,(주)휴온스,영유아
카슈웰현탁액(폴리스티렌설폰산칼슘)_(5g/20mL),급여,1,개월 미만,주식회사제뉴원사이언스,영유아
로포타현탁액(폴리스티렌설폰산칼슘)_(5g/20mL),급여,1,개월 미만,대원제약(주),영유아
카리드현탁액(폴리스티렌설폰산칼슘)_(5g/20mL),급여,1,개월 미만,(주)제뉴파마,영유아
카리메트현탁액(폴리스티렌설폰산칼슘)_(5g/25g),급여,1,개월 미만,한국코와(주),영유아
아네폴주사(프로포폴)_(50mg/5mL),급여,36,개월 미만,하나제약(주),영유아
포폴주사(프로포폴)(앰플)_(80mg/8mL),급여,36,개월 미만,동국제약(주),영유아
아네폴주사(프로포폴)_(80mg/8mL),급여,36,개월 미만,하나제약(주),영유아
프로바이브주1%(프로포폴)(PROVIVE1%(propofol))_(0.1g/10mL),급여,36,개월 미만,(주)한국팜비오,영유아
포폴주사(프로포폴)(앰플)_(0.12g/12mL),급여,36,개월 미만,동국제약(주),영유아
아네폴주사(프로포폴)_(0.12g/12mL),급여,36,개월 미만,하나제약(주),영유아
프리폴-엠시티주(프로포폴)_(0.12g/12mL),급여,36,개월 미만,대원제약(주),영유아
프레조폴엠시티1%주(프로포폴)(앰플)_(0.15g/15mL),급여,36,개월 미만,프레지니우스카비코리아(주),영유아
프레조폴엠시티1%주(프로포폴)(바이알)_(0.15g/15mL),급여,36,개월 미만,프레지니우스카비코리아(주),영유아
프리폴-엠시티주(프로포폴)_(0.15g/15mL),급여,36,개월 미만,대원제약(주),영유아
프레조폴엠시티1%주(프로포폴)(앰플)_(0.2g/20mL),급여,36,개월 미만,프레지니우스카비코리아(주),영유아
네오리진정(레보세티리진염산염)_(5mg/1정),급여,6,세 미만,(주)하원제약,소아
레보플라정500밀리그램(레보플록사신수화물)_(0.5123g/1정),급여,18,세 이하,일성아이에스(주),청소년
동구레보플록사신수화물정500mg_(0.5123g/1정),급여,18,세 이하,(주)동구바이오제약,청소년
레보나정500밀리그램(레보플록사신수화물)_(0.5123g/1정),급여,18,세 이하,(유)한풍제약,청소년
위더스레보플록사신정500밀리그램_(0.5g/1정),급여,18,세 이하,위더스제약(주),청소년
레비신정500mg(레보플록사신수화물)_(0.5123g/1정),급여,18,세 이하,대한뉴팜(주),청소년
레보바이정500밀리그램(레보플록사신수화물)_(0.5123g/1정),급여,18,세 이하,(주)휴온스,청소년
레보카신정750밀리그램(레보플록사신수화물)_(0.7687g/1정),급여,18,세 이하,국제약품(주),청소년
레보플러스정750밀리그램(레보플록사신수화물)_(0.76845g/1정),급여,18,세 이하,코오롱제약(주),청소년
리도카겔(리도카인),급여,4,세 이하,오스템파마주식회사,소아
조겔어덜트진지발겔(리도카인),급여,4,세 이하,신원덴탈(주),소아
로맥사신정100mg(로메플록사신염산염)_(0.1104g/1정),급여,18,세 이하,코오롱제약(주),청소년
레플록신정500mg(레보플록사신)_(0.5g/1정),급여,18,세 이하,(주)씨엠지제약,청소년
크라프록신정500mg(레보플록사신수화물)_(0.5123g/1정),급여,18,세 이하,한국휴텍스제약(주),청소년
제뉴원모메타손크림(모메타손푸로에이트)_(0.5g/500g),급여,2,세 이하,주식회사제뉴원사이언스,영유아
메가이반론주(이반드론산나트륨일수화물)_(3.375mg/3mL),급여,18,세 이하,(주)엘앤씨바이오,청소년
보네조아주(이반드론산나트륨일수화물)_(3.375mg/3mL),급여,18,세 이하,(주)화이트생명과학,청소년
이반본주(이반드론산나트륨일수화물)_(3.375mg/3mL),급여,18,세 이하,(주)일화,청소년
이반포스주(이반드론산나트륨일수화물)_(3.375mg/3mL),급여,18,세 이하,광동제약(주),청소년
삼성이반드론산주(이반드론산나트륨일수화물)_(3.375mg/3mL),급여,18,세 이하,삼성제약(주),청소년
본덱스주(이반드론산나트륨일수화물)_(3.375mg/3mL),급여,18,세 이하,한국유나이티드제약(주),청소년
마빌큐주(이반드론산나트륨수화물)_(3.375mg/3mL),급여,18,세 이하,(주)유유제약,청소년
이본덴스주(이반드론산나트륨일수화물)_(3.375mg/3mL),급여,18,세 이하,조아제약(주),청소년
제이본주(이반드론산나트륨일수화물)_(3.375mg/3mL),급여,18,세 이하,제이더블유중외제약(주),청소년
본필드주(이반드론산나트륨일수화물)_(3.375mg/3mL),급여,18,세 이하,한림제약(주),청소년
본비바주(이반드론산나트륨일수화물)_(3.375mg/3mL),급여,18,세 이하,제일약품(주),청소년
이본드로주(이반드론산나트륨수화물)_(3.375mg/3mL),급여,18,세 이하,대화제약(주),청소년
더모타손엠엘이크림(모메타손푸로에이트)_(0.5g/500g),급여,2,세 이하,(주)동구바이오제약,영유아
동광이반드론산주(이반드론산나트륨일수화물)_(3.375mg/3mL),급여,18,세 이하,동광제약(주),청소년
이바론주(이반드론산나트륨일수화물)_(3.375mg/3mL),급여,18,세 이하,한국코러스(주),청소년
본비론주(이반드론산나트륨일수화물)_(3.375mg/3mL),급여,18,세 이하,경동제약(주),청소년
유드론주(이반드론산나트륨일수화물)_(3.375mg/3mL),급여,18,세 이하,(주)유영제약,청소년
보니엠주(이반드론산나트륨일수화물)_(3.375mg/3mL),급여,18,세 이하,신풍제약(주),청소년
본헬프주(이반드론산나트륨일수화물)_(3.375mg/3mL),급여,18,세 이하,한국휴텍스제약(주),청소년
유니본주(이반드론산나트륨수화물)_(3.375mg/3mL),급여,18,세 이하,유니메드제약(주),청소년
반드론주(이반드론산나트륨일수화물)_(3.375mg/3mL),급여,18,세 이하,진양제약(주),청소년
이반지나주(이반드론산나트륨일수화물)_(3.375mg/3mL),급여,18,세 이하,(주)한국파마,청소년
레프렉스정100mg(레보플록사신수화물)_(0.1g/1정),급여,18,세 이하,(주)테라젠이텍스,청소년
리플록신정250밀리그램(레보플록사신수화물)_(0.25615g/1정),급여,18,세 이하,건일바이오팜주식회사,청소년
두타반연질캡슐(두타스테리드)_(0.5mg/1캡슐),급여,18,세 미만,동아에스티(주),청소년
두테스몰연질캡슐0.5밀리그램(두타스테리드)_(0.5mg/1캡슐),급여,18,세 미만,(주)종근당,청소년
두테드연질캡슐0.5밀리그램(두타스테리드)_(0.5mg/1캡슐),급여,18,세 미만,한미약품(주),청소년
아보스티드연질캡슐0.5밀리그램(두타스테리드)_(0.5mg/1캡슐),급여,18,세 미만,국제약품(주),청소년
네오다트연질캡슐0.5밀리그램(두타스테리드)_(0.5mg/1캡슐),급여,18,세 미만,제이더블유신약(주),청소년
아보탄연질캡슐0.5밀리그램(두타스테리드)_(0.5mg/1캡슐),급여,18,세 미만,한국유나이티드제약(주),청소년
유힐릭스연질캡슐0.5밀리그램(두타스테리드)_(0.5mg/1캡슐),급여,18,세 미만,(주)유유제약,청소년
두타젠연질캡슐0.5밀리그램(두타스테리드)_(0.5mg/1캡슐),급여,18,세 미만,제일약품(주),청소년
두테론연질캡슐0.5밀리그램(두타스테리드)_(0.5mg/1캡슐),급여,18,세 미만,동광제약(주),청소년
아두타연질캡슐0.5밀리그램(두타스테리드)_(0.5mg/1캡슐),급여,18,세 미만,삼진제약(주),청소년
두로칸연질캡슐0.5밀리그램(두타스테리드)_(0.5mg/1캡슐),급여,18,세 미만,경동제약(주),청소년
씨엠두타연질캡슐0.5mg(두타스테리드)_(0.5mg/1캡슐),급여,18,세 미만,(주)씨엠지제약,청소년
원투스테리드연질캡슐(두타스테리드)_(0.5mg/1캡슐),급여,18,세 미만,한국휴텍스제약(주),청소년
아보다트연질캡슐0.5밀리그램(두타스테리드)_(0.5mg/1캡슐),급여,18,세 미만,(주)글락소스미스클라인,청소년
안국두타연질캡슐0.5밀리그램(두타스테리드)_(0.5mg/1캡슐),급여,18,세 미만,안국약품(주),청소년
삼천당두타스테리드연질캡슐0.5밀리그램_(0.5mg/1캡슐),급여,18,세 미만,삼천당제약(주),청소년
두타드연질캡슐0.5밀리그램(두타스테리드)_(0.5mg/1캡슐),급여,18,세 미만,동국제약(주),청소년
아나딘연질캡슐0.5밀리그램(두타스테리드)_(0.5mg/1캡슐),급여,18,세 미만,아주약품(주),청소년
두타락연질캡슐0.5밀리그램(두타스테리드)_(0.5mg/1캡슐),급여,18,세 미만,알리코제약(주),청소년
동구두타리드연질캡슐(두타스테리드)_(0.5mg/1캡슐),급여,18,세 미만,(주)동구바이오제약,청소년
타테린연질캡슐0.5밀리그램(두타스테리드)_(0.5mg/1캡슐),급여,18,세 미만,(주)비보존제약,청소년
두타스카연질캡슐0.5밀리그램(두타스테리드)_(0.5mg/1캡슐),급여,18,세 미만,이연제약(주),청소년
아보두타연질캡슐0.5밀리그램(두타스테리드)_(0.5mg/1캡슐),급여,18,세 미만,(주)한국팜비오,청소년
유로다트연질캡슐0.5mg(두타스테리드)_(0.5mg/1캡슐),급여,18,세 미만,(주)씨티씨바이오,청소년
프레조폴엠시티1%주(프로포폴)(바이알)_(0.2g/20mL),급여,36,개월 미만,프레지니우스카비코리아(주),영유아
포폴주사(프로포폴)(앰플)_(0.2g/20mL),급여,36,개월 미만,동국제약(주),영유아
아네폴주사(프로포폴)_(0.2g/20mL),급여,36,개월 미만,하나제약(주),영유아
레세린정(레보세티리진염산염)_(5mg/1정),급여,6,세 미만,독립바이오제약(주),소아
메가세티리정(레보세티리진염산염)_(5mg/1정),급여,6,세 미만,(주)엘앤씨바이오,소아
렙세틴정(레보세티리진염산염)_(5mg/1정),급여,6,세 미만,(주)마더스제약,소아
레보세딘정5밀리그램(레보세티리진염산염)_(5mg/1정),급여,6,세 미만,한국신텍스제약(주),소아
알레난정(레보세티리진염산염)_(5mg/1정),급여,6,세 미만,(주)화이트생명과학,소아
알티리진정(레보세티리진염산염)_(5mg/1정),급여,6,세 미만,(주)휴비스트제약,소아
인티진정(레보세티리진염산염)_(5mg/1정),급여,6,세 미만,(주)이든파마,소아
자알린정5밀리그램(레보세티리진염산염)_(5mg/1정),급여,6,세 미만,에이치케이이노엔(주),소아
레티정(레보세티리진염산염)_(5mg/1정),급여,6,세 미만,(주)일화,소아
맥씨정(레보세티리진염산염)_(5mg/1정),급여,6,세 미만,맥널티제약(주),소아
비코잘정5밀리그램(레보세티리진염산염)_(5mg/1정),급여,6,세 미만,(주)대웅제약,소아
알보린정5밀리그램(레보세티리진염산염)_(5mg/1정),급여,6,세 미만,일양약품(주),소아
레보큐정(레보세티리진염산염)_(5mg/1정),급여,6,세 미만,광동제약(주),소아
레리진정5밀리그램(레보세티리진염산염)_(5mg/1정),급여,6,세 미만,(주)유한양행,소아
레보세린정(레보세티리진염산염)_(5mg/1정),급여,6,세 미만,영진약품(주),소아
레티리진정(레보세티리진염산염)_(5mg/1정),급여,6,세 미만,동화약품(주),소아
알러탑정(레보세티리진염산염)_(5mg/1정),급여,6,세 미만,고려제약(주),소아
세노바엘정(레보세티리진염산염)_(5mg/1정),급여,6,세 미만,일동제약(주),소아
알레넥스정(레보세티리진염산염)_(5mg/1정),급여,6,세 미만,(주)바이넥스,소아
레티신정(레보세티리진염산염)_(5mg/1정),급여,6,세 미만,동성제약(주),소아
한림염산로메플록사신정(수출명:필로신정)_(0.4416g/1정),급여,18,세 이하,한림제약(주),청소년
명문펜타닐패취50㎍/h(펜타닐)_(21㎠/1매),급여,18,세 미만,명문제약(주),청소년
펜타듀르패취50μg/h(펜타닐)_(20㎠/1매),급여,18,세 미만,(주)한국팜비오,청소년
펜타덤패취100㎍/h(펜타닐)_(20㎠/1매),급여,18,세 미만,한림제약(주),청소년
듀로제식디트랜스패취100μg/h(펜타닐)_(42㎠/1매),급여,18,세 미만,(주)한국얀센,청소년
펜타듀르패취100μg/h(펜타닐)_(40㎠/1매),급여,18,세 미만,(주)한국팜비오,청소년
펜타릭스패취37.5㎍/h(펜타닐)_(22.5㎠/1매),급여,18,세 미만,대원제약(주),청소년
액틱구강정200마이크로그램(구연산펜타닐)_(0.3142mg/1정),급여,18,세 미만,현대약품(주),청소년
액틱구강정400마이크로그램(구연산펜타닐)_(0.6284mg/1정),급여,18,세 미만,현대약품(주),청소년
액틱구강정600마이크로그램(구연산펜타닐)_(0.9426mg/1정),급여,18,세 미만,현대약품(주),청소년
액틱구강정800마이크로그램(구연산펜타닐)_(1.2568mg/1정),급여,18,세 미만,현대약품(주),청소년
펜토라박칼정200마이크로그램(펜타닐시트르산염)_(0.314mg/1정),급여,18,세 미만,(주)한독테바,청소년
펜토라박칼정400마이크로그램(펜타닐시트르산염)_(0.628mg/1정),급여,18,세 미만,(주)한독테바,청소년
펜타칸설하정 400마이크로그램 (펜타닐시트르산염)_(0.63mg/1정),급여,18,세 미만,(주)한국팜비오,청소년
펜토라박칼정600마이크로그램(펜타닐시트르산염)_(0.943mg/1정),급여,18,세 미만,(주)한독테바,청소년
펜토라박칼정800마이크로그램(펜타닐시트르산염)_(1.257mg/1정),급여,18,세 미만,(주)한독테바,청소년
펜토라박칼정100마이크로그램(펜타닐시트르산염)_(0.157mg/1정),급여,18,세 미만,(주)한독테바,청소년
펜타덤패취50μg/h(펜타닐)_(10㎠/1매),급여,18,세 미만,한림제약(주),청소년
듀로제식디트랜스패취50㎍/h(펜타닐)_(21㎠/1매),급여,18,세 미만,(주)한국얀센,청소년
한림펜타닐주사(구연산펜타닐)_(78.5μg/1mL),급여,2,세 미만,한림제약(주),영유아
명문구연산펜타닐주사_(78.5μg/1mL),급여,2,세 미만,명문제약(주),영유아
하나구연산펜타닐주사_(78.5μg/1mL/앰플),급여,2,세 미만,하나제약(주),영유아
"대한펜타닐주사액_(펜타닐시트르산염, 0.1mg/2mL)",급여,2,세 미만,대한약품공업(주),영유아
한림펜타닐주사(구연산펜타닐)_(0.157mg/2mL),급여,2,세 미만,한림제약(주),영유아
본드론프리필드주사(이반드론산나트륨일수화물)_(3.375mg/3mL),급여,18,세 이하,동국제약(주),청소년
아나본주(이반드론산나트륨일수화물)_(3.375mg/3mL),급여,18,세 이하,아주약품(주),청소년
본에바주(이반드론산나트륨일수화물)_(3.375mg/3mL),급여,18,세 이하,한올바이오파마(주),청소년
환인레보플록사신정100밀리그램(레보플록사신수화물)_(0.1g/1정),급여,18,세 이하,환인제약(주),청소년
동구레보플록사신수화물정100mg_(0.10249g/1정),급여,18,세 이하,(주)동구바이오제약,청소년
레노보정(레보플록사신수화물)_(0.1g/1정),급여,18,세 이하,(주)퍼슨,청소년
레나신정(레보플록사신수화물)_(0.1g/1정),급여,18,세 이하,하나제약(주),청소년
레보나정100밀리그램(레보플록사신수화물)_(0.10249g/1정),급여,18,세 이하,(유)한풍제약,청소년
레사크라정100밀리그램(레보플록사신수화물)_(0.1g/1정),급여,18,세 이하,익수제약(주),청소년
크라박터정(레보플록사신수화물)_(0.1g/1정),급여,18,세 이하,이연제약(주),청소년
위더스레보플록사신정(레보플록사신수화물)_(0.1g/1정),급여,18,세 이하,위더스제약(주),청소년
레보로신정100밀리그램(레보플록사신수화물)_(0.1g/1정),급여,18,세 이하,경방신약(주),청소년
알피레보플록사신정100밀리그램(레보플록사신수화물)_(0.1g/1정),급여,18,세 이하,(주)알피바이오,청소년
우리들두타스테리드연질캡슐_(0.5mg/1캡슐),급여,18,세 미만,(주)팜젠사이언스,청소년
휴다트연질캡슐0.5밀리그램(두타스테리드)_(0.5mg/1캡슐),급여,18,세 미만,(주)휴온스,청소년
두타렉스연질캡슐0.5밀리그램(두타스테리드)_(0.5mg/1캡슐),급여,18,세 미만,초당약품공업(주),청소년
프로다트연질캡슐0.5밀리그램(두타스테리드)_(0.5mg/1캡슐),급여,18,세 미만,주식회사제뉴원사이언스,청소년
두타텍트연질캡슐0.5밀리그램(두타스테리드)_(0.5mg/1캡슐),급여,18,세 미만,대원제약(주),청소년
아벨록스주400밀리그람(목시플록사신염산염)(병)_(0.4368g/250mL),급여,18,세 미만,바이엘코리아(주),청소년
센시발정10밀리그램(염산노르트립틸린)_(11.4mg/1정),급여,18,세 이하,일성신약(주),청소년
센시발정25밀리그램(염산노르트립틸린)_(28.5mg/1정),급여,18,세 이하,일성신약(주),청소년
투프로정100밀리그램(오플록사신)_(0.1g/1정),급여,18,세 이하,코스맥스파마(주),청소년
파비스오플록사신정_(0.1g/1정),급여,18,세 이하,(주)한국파비스제약,청소년
오록사신정100밀리그램(오플록사신)_(0.1g/1정),급여,18,세 이하,(주)휴비스트제약,청소년
파비드정(오플록사신)_(0.1g/1정),급여,18,세 이하,(주)일화,청소년
동화오플록사신정_(0.1g/1정),급여,18,세 이하,동화약품(주),청소년
에펙신정100밀리그램(오플록사신)_(0.1g/1정),급여,18,세 이하,일동제약(주),청소년
오로신정100밀리그램(오플록사신)_(0.1g/1정),급여,18,세 이하,한미약품(주),청소년
삼익오플록사신정_(0.1g/1정),급여,18,세 이하,삼익제약(주),청소년
제일타리비드정(오플록사신)(군납명:오플록사신정100밀리그람)_(0.1g/1정),급여,18,세 이하,제일약품(주),청소년
동광오플록사신정_(0.1g/1정),급여,18,세 이하,동광제약(주),청소년
뉴젠팜오플록사신정100밀리그램(수출명:오플록사신정100밀리그램)_(0.1g/1정),급여,18,세 이하,(주)뉴젠팜,청소년
오라록신정100mg(오플록사신)_(0.1g/1정),급여,18,세 이하,한국휴텍스제약(주),청소년
"영일오플록사신정(수출명:오사신정,타비드정)_(0.1g/1정)",급여,18,세 이하,영일제약(주),청소년
옥타신정(오플록사신)_(0.1g/1정),급여,18,세 이하,유니메드제약(주),청소년
텔비트정100밀리그람(오플록사신)_(0.1g/1정),급여,18,세 이하,대우제약(주),청소년
삼천당오플록사신정_(0.1g/1정),급여,18,세 이하,삼천당제약(주),청소년
투록신정(오플록사신)_(0.1g/1정),급여,18,세 이하,알보젠코리아(주),청소년
서울오플록사신정_(0.1g/1정),급여,18,세 이하,(주)서울제약,청소년
엘티리진정(레보세티리진염산염)_(5mg/1정),급여,6,세 미만,한미약품(주),소아
엘트리진정(레보세티리진염산염)_(5mg/1정),급여,6,세 미만,국제약품(주),소아
쎄렌잘정(레보세티리진염산염)_(5mg/1정),급여,6,세 미만,삼일제약(주),소아
레보바이정250밀리그램(레보플록사신수화물)_(0.25615g/1정),급여,18,세 이하,(주)휴온스,청소년
크라보신정250밀리그램(레보플록사신수화물)_(0.25615g/1정),급여,18,세 이하,대웅바이오(주),청소년
레보에이블정500밀리그램(레보플록사신수화물)_(0.5123g/1정),급여,18,세 이하,(주)인트로바이오파마,청소년
레보투정500밀리그램(레보플록사신수화물)_(0.5123/1정),급여,18,세 이하,코스맥스파마(주),청소년
레보에프정500밀리그램(레보플록사신수화물)_(0.5123g/1정),급여,18,세 이하,주식회사 더유제약,청소년
리플록신정500밀리그램(레보플록사신수화물)_(0.5123g/1정),급여,18,세 이하,건일바이오팜주식회사,청소년
하이록신정500mg(레보플록사신수화물)_(0.5123g/1정),급여,18,세 이하,(주)화이트생명과학,청소년
레보펙신정500밀리그램(레보플록사신수화물)_(0.5123g/1정),급여,18,세 이하,일동제약(주),청소년
레복사신정500밀리그램(레보플록사신수화물)_(0.5125g/1정),급여,18,세 이하,한미약품(주),청소년
크라비트정500밀리그람(레보플록사신)_(0.5g/1정),급여,18,세 이하,제일약품(주),청소년
레세티잘정(레보세티리진염산염)_(5mg/1정),급여,6,세 미만,(주)종근당,소아
기스톱정(세티리진염산염)_(10mg/1정),급여,6,세 미만,(주)아이월드제약,소아
리진정(세티리진염산염)_(10mg/1정),급여,6,세 미만,대원제약(주),소아
세지날정(세티리진염산염)_(10mg/1정),급여,6,세 미만,(주)다산제약,소아
명인클로르프로마진염산염정100밀리그램(수출명:클로진정100mg)_(0.1g/1정),급여,1,세 미만,명인제약(주),영유아
네오마찐정100밀리그램(클로르프로마진염산염)_(0.1g/1정),급여,1,세 미만,환인제약(주),영유아
명인클로르프로마진염산염정200mg_(0.2g/1정),급여,1,세 미만,명인제약(주),영유아
명인클로르프로마진염산염정50mg(수출명:클로진정50mg)_(50mg/1정),급여,1,세 미만,명인제약(주),영유아
사이톱신주(시프로플록사신)_(0.1g/50mL),급여,18,세 미만,에이치케이이노엔(주),청소년
대한시프로플록사신주_(0.1g/50mL),급여,18,세 미만,대한약품공업(주),청소년
제이더블유생명시프로플록사신주_(0.1g/50mL/병),급여,18,세 미만,제이더블유생명과학(주),청소년
시프로코스주(시프로플록사신)_(0.2g/100mL),급여,18,세 미만,코스맥스파마(주),청소년
시프록스주(시프로플록사신)_(0.2g/100mL),급여,18,세 미만,(주)오스코리아제약,청소년
사이톱신주(시프로플록사신)_(0.2g/100mL),급여,18,세 미만,에이치케이이노엔(주),청소년
씨프로바이주사(시프로플록사신)_(0.2g/100mL),급여,18,세 미만,바이엘코리아(주),청소년
씨프러스주(시프로플록사신)_(0.2g/100mL/팩),급여,18,세 미만,(주)대웅제약,청소년
싸이신주사200밀리그램(시프로플록사신)_(0.2g/100mL/팩),급여,18,세 미만,일동제약(주),청소년
"씨록주사2mg/ml(시프로플록사신)(수출명:CyrocinInj.2mg/ml,CipicinInj.2mg/ml)_(0.2g/100mL)",급여,18,세 미만,한국유나이티드제약(주),청소년
대한시프로플록사신주_(0.2g/100mL),급여,18,세 미만,대한약품공업(주),청소년
케이프로주(시프로플록사신)_(0.2g/100mL),급여,18,세 미만,한국코러스(주),청소년
큐프론주(백)(시프로플록사신)_(0.2g/100mL),급여,18,세 미만,신풍제약(주),청소년
세리텍정(세티리진염산염)_(10mg/1정),급여,6,세 미만,영풍제약(주),소아
러지텍정(세티리진염산염)_(10mg/1정),급여,6,세 미만,디아이디바이오(주),소아
시프로신정(시프로플록사신염산염)_(0.291g/1정),급여,18,세 미만,(주)한국글로벌제약,청소년
시프로셀정250밀리그램(시프로플록사신염산염수화물)_(0.291g/1정),급여,18,세 미만,(주)셀트리온제약,청소년
베아신정250밀리그램(시프로플록사신염산염수화물)_(0.291g/1정),급여,18,세 미만,대웅바이오(주),청소년
싸이플록정250밀리그램(시프로플록사신염산염수화물)_(0.291g/1정),급여,18,세 미만,정우신약(주),청소년
일양바이오염산시프로플록사신정_(0.291g/1정),급여,18,세 미만,일양바이오팜(주),청소년
싸이신정500밀리그램(시프로플록사신염산염)_(0.582g/1정),급여,18,세 미만,일동제약(주),청소년
"씨록정500밀리그램(시프로플록사신염산염수화물)(수출명:씨프로메디코,Ciraxintab.500mg,KUPCiprofloxacintab.500mg,CipicinTabs.500mg)_(0.582g/1정)",급여,18,세 미만,한국유나이티드제약(주),청소년
씨프록탄정500mg(시프로플록사신염산염수화물)_(0.582g/1정),급여,18,세 미만,한국넬슨제약(주),청소년
씨록탄정500밀리그램(시프로플록사신염산염수화물)_(0.582g/1정),급여,18,세 미만,아이큐어(주),청소년
베아신정500밀리그램(시프로플록사신염산염수화물)_(0.582g/1정),급여,18,세 미만,대웅바이오(주),청소년
마스질정(클레마스틴푸마르산염)_(1.34mg/1정),급여,1,세 이하,태극제약(주),영유아
베타베이트크림(클로베타솔프로피오네이트)_(7.5mg/15g),급여,24,개월 미만,고려제약(주),영유아
베타베이트연고(클로베타솔프로피오네이트)(수출명:클로베덤0.05%연고)(CLOBEDERM0.05%Ointment)_(7.5mg/15g),급여,24,개월 미만,고려제약(주),영유아
더모베이트연고(클로베타솔프로피오네이트)_(7.5mg/15g),급여,24,개월 미만,(주)글락소스미스클라인,영유아
크러벤액(클로베타솔프로피오네이트)_(11.65mg/25mL),급여,24,개월 미만,제이더블유신약(주),영유아
시플로뉴정250밀리그램(시프로플록사신염산염수화물)_(0.291g/1정),급여,18,세 미만,(주)시어스제약,청소년
스트라테라캡슐10밀리그램(아토목세틴염산염)_(11.43mg/1캡슐),급여,6,세 미만,한국릴리(유),소아
아토목신캡슐18mg(아토목세틴염산염)_(20.57mg/1캡슐),급여,6,세 미만,명인제약(주),소아
환인아토목세틴캡슐18밀리그램(아토목세틴염산염)_(20.57mg/1캡슐),급여,6,세 미만,환인제약(주),소아
스트라테라캡슐18밀리그램(아토목세틴염산염)_(20.57mg/1캡슐),급여,6,세 미만,한국릴리(유),소아
아토목신캡슐25mg(아토목세틴염산염)_(28.57mg/1캡슐),급여,6,세 미만,명인제약(주),소아
환인아토목세틴캡슐25밀리그램(아토목세틴염산염)_(28.57mg/1캡슐),급여,6,세 미만,환인제약(주),소아
스트라테라캡슐25밀리그램(아토목세틴염산염)_(28.57mg/1캡슐),급여,6,세 미만,한국릴리(유),소아
아토목신캡슐40밀리그램(아토목세틴염산염)_(45.71mg/1캡슐),급여,6,세 미만,명인제약(주),소아
환인아토목세틴캡슐40밀리그램(아토목세틴염산염)_(45.71mg/1캡슐),급여,6,세 미만,환인제약(주),소아
스트라테라캡슐40밀리그램(아토목세틴염산염)_(45.71mg/1캡슐),급여,6,세 미만,한국릴리(유),소아
아토목신캡슐60mg(아토목세틴염산염)_(68.56mg/1캡슐),급여,6,세 미만,명인제약(주),소아
환인아토목세틴캡슐60밀리그램(아토목세틴염산염)_(68.56mg/1캡슐),급여,6,세 미만,환인제약(주),소아
스트라테라캡슐60밀리그램(아토목세틴염산염)_(68.56mg/1캡슐),급여,6,세 미만,한국릴리(유),소아
아토목신캡슐80밀리그램(아토목세틴염산염)_(91.42mg/1캡슐),급여,6,세 미만,명인제약(주),소아
환인아토목세틴캡슐80밀리그램(아토목세틴염산염)_(91.42mg/1캡슐),급여,6,세 미만,환인제약(주),소아
스트라테라캡슐80밀리그램(아토목세틴염산염)_(91.42mg/1캡슐),급여,6,세 미만,한국릴리(유),소아
알콘아트로핀황산염1%점안제(아트로핀황산염수화물)_(0.15g/15ml),급여,12,세 미만,한국알콘(주),소아
젤라스정(아젤라스틴염산염)_(1mg/1정),급여,6,세 이하,엔비케이제약(주),소아
알렙틴정(아젤라스틴염산염)_(1mg/1정),급여,6,세 이하,주식회사 더유제약,소아
안티타민정(아젤라스틴염산염)_(1mg/1정),급여,6,세 이하,주식회사케이에스제약,소아
메가젤틴정(아젤라스틴염산염)_(1mg/1정),급여,6,세 이하,(주)엘앤씨바이오,소아
아젤라건정1밀리그램(아젤라스틴염산염)_(1mg/1정),급여,6,세 이하,건일바이오팜주식회사,소아
마이스틴정(아젤라스틴염산염)_(1mg/1정),급여,6,세 이하,(주)마더스제약,소아
아젠틴정(아젤라스틴염산염)_(1mg/1정),급여,6,세 이하,(주)화이트생명과학,소아
셀라스틴정1밀리그램(아젤라스틴염산염)_(1mg/1정),급여,6,세 이하,(주)텔콘알에프제약,소아
휴스틴정(아젤라스틴염산염)_(1mg/1정),급여,6,세 이하,(주)휴비스트제약,소아
듀라셋세미정_(1정),급여,12,세 미만,영일제약(주),소아
트라세트정_(1정),급여,12,세 미만,유니메드제약(주),소아
트라세트세미정_(1정),급여,12,세 미만,유니메드제약(주),소아
오르펜정_(1정),급여,12,세 미만,대우제약(주),소아
오르펜서방정_(1정),급여,12,세 미만,대우제약(주),소아
오르펜세미서방정_(1정),급여,12,세 미만,대우제약(주),소아
크라셋세미정_(1정),급여,12,세 미만,지엘파마(주),소아
크라셋정_(1정),급여,12,세 미만,지엘파마(주),소아
씨ㆍ아이ㆍ에이캡슐_(1캡슐),급여,12,세 이하,명문제약(주),소아
트라펜정_(1정),급여,12,세 미만,명문제약(주),소아
트라펜세미정_(1정),급여,12,세 미만,명문제약(주),소아
트라펜서방정_(1정),급여,12,세 미만,명문제약(주),소아
트라펜세미서방정_(1정),급여,12,세 미만,명문제약(주),소아
도라셋정_(1정),급여,12,세 미만,진양제약(주),소아
도라셋세미정_(1정),급여,12,세 미만,진양제약(주),소아
듀오셋정_(1정),급여,12,세 미만,삼천당제약(주),소아
타미돌정_(1정),급여,12,세 미만,(주)하원제약,소아
타미돌세미정_(1정),급여,12,세 미만,(주)하원제약,소아
하이퍼셋세미정_(1정),급여,12,세 미만,한화제약(주),소아
하이퍼셋정_(1정),급여,12,세 미만,한화제약(주),소아
명도파정50/200밀리그램_(1정),급여,25,세 미만,명인제약(주),고령자
명도파정25/100밀리그램_(1정),급여,25,세 미만,명인제약(주),고령자
"명도파정12.5/50밀리그램(벤세라지드, 레보도파)_(1정)",급여,25,세 미만,명인제약(주),고령자
엑스페인정_(1정),급여,12,세 미만,(주)한독,소아
엑스페인세미정_(1정),급여,12,세 미만,(주)한독,소아
엑스페인ER서방정_(1정),급여,12,세 미만,(주)한독,소아
듀라셋정_(1정),급여,12,세 미만,영일제약(주),소아
명문시프로플록사신주사_(0.2g/100mL/병),급여,18,세 미만,명문제약(주),청소년
시프록사신주(시프로플록사신)_(0.2g/100mL),급여,18,세 미만,(주)하원제약,청소년
명문시프로플록사신주사_(0.2g/100mL/백),급여,18,세 미만,명문제약(주),청소년
"로푸신주(시프로플록사신)(수출명:시프로플록스주,파마시프로플록사신주)_(0.2g/100mL/병)",급여,18,세 미만,(주)한국파마,청소년
"로푸신주(시프로플록사신)(수출명:시프로플록스주,파마시프로플록사신주)_(0.2g/100mL/백)",급여,18,세 미만,(주)한국파마,청소년
아주시프로플록사신주200밀리그램_(0.2g/100mL),급여,18,세 미만,아주약품(주),청소년
이연시플록사신주(시프로플록사신)_(0.2g/100mL),급여,18,세 미만,이연제약(주),청소년
씨프록주(시프로플록사신)_(0.2g/100mL),급여,18,세 미만,(주)넥스팜코리아,청소년
아시렌주2밀리그램(시프로플록사신)_(0.2g/100mL),급여,18,세 미만,한국프라임제약(주),청소년
유니시프로사신주사(시프로플록사신)_(0.2g/100mL),급여,18,세 미만,한국유니온제약(주),청소년
뉴록사신주(시프로플록사신)_(0.2g/100mL),급여,18,세 미만,구주제약(주),청소년
팜젠시프로플록사신주_(0.2g/100mL),급여,18,세 미만,(주)팜젠사이언스,청소년
제이더블유생명시프로플록사신주_(0.2g/100mL/병),급여,18,세 미만,제이더블유생명과학(주),청소년
베아신주(시프로플록사신)_(0.2g/100mL),급여,18,세 미만,대웅바이오(주),청소년
시프록스주(시프로플록사신)_(0.4g/200mL),급여,18,세 미만,(주)오스코리아제약,청소년
사이톱신주(시프로플록사신)_(0.4g/200mL),급여,18,세 미만,에이치케이이노엔(주),청소년
씨프로바이주사(시프로플록사신)_(0.4g/200mL),급여,18,세 미만,바이엘코리아(주),청소년
씨프러스주(시프로플록사신)_(0.4g/200mL/백),급여,18,세 미만,(주)대웅제약,청소년
싸이신주사400밀리그램(시프로플록사신)_(0.4g/200mL/팩),급여,18,세 미만,일동제약(주),청소년
대한시프로플록사신주_(0.4g/200mL),급여,18,세 미만,대한약품공업(주),청소년
트라콤정_(1정),급여,12,세 미만,이연제약(주),소아
트라콤이알서방정_(1정),급여,12,세 미만,이연제약(주),소아
트라콤세미정_(1정),급여,12,세 미만,이연제약(주),소아
위더셋정_(1정),급여,12,세 미만,위더스제약(주),소아
아세마돌정_(1정),급여,12,세 미만,(주)알피바이오,소아
울트펜정_(1정),급여,12,세 미만,영풍제약(주),소아
울트펜세미서방정_(1정),급여,12,세 미만,영풍제약(주),소아
테라펜정_(1정),급여,12,세 미만,(주)넥스팜코리아,소아
테라펜세미정_(1정),급여,12,세 미만,(주)넥스팜코리아,소아
아트라펜정_(1정),급여,12,세 미만,한국프라임제약(주),소아
아트라펜세미정_(1정),급여,12,세 미만,한국프라임제약(주),소아
팬시다정,급여,2,개월 미만,한국희귀의약품센터,영유아
렉크린액(인산나트륨에네마)_(1000mL),급여,3,세 미만,디아이디바이오(주),영유아
렉크린액(인산나트륨에네마)_(133mL),급여,3,세 미만,디아이디바이오(주),영유아
비엘셋정_(1정),급여,12,세 미만,디아이디바이오(주),소아
비엘셋세미정_(1정),급여,12,세 미만,디아이디바이오(주),소아
마이폴캡슐_(1캡슐),급여,12,세 이하,성원애드콕제약(주),소아
트라칸정_(1정),급여,12,세 미만,성원애드콕제약(주),소아
트라칸세미정_(1정),급여,12,세 미만,성원애드콕제약(주),소아
뉴트라셋세미정_(1정),급여,12,세 미만,(주)경보제약,소아
뉴트라셋정_(1정),급여,12,세 미만,(주)경보제약,소아
트라콤이알세미서방정_(1정),급여,12,세 미만,이연제약(주),소아
에보타즈정_(1정),급여,3,개월 미만,(유)한국비엠에스제약,영유아
아트라센정_(1정),급여,12,세 미만,한국유니온제약(주),소아
트라비트정_(1정),급여,12,세 미만,(주)씨티씨바이오,소아
트라비트세미정_(1정),급여,12,세 미만,(주)씨티씨바이오,소아
이스틴정(아젤라스틴염산염)_(1mg/1정),급여,6,세 이하,(주)이든파마,소아
아라스틴정(아젤라스틴염산염)_(1mg/1정),급여,6,세 이하,(주)일화,소아
부광아젭틴정(아젤라스틴염산염)_(1mg/1정),급여,6,세 이하,부광약품(주),소아
제라스정(아젤라스틴염산염)_(1mg/1정),급여,6,세 이하,(주)바이넥스,소아
동성아젤라스틴정(아젤라스틴염산염)_(1mg/1정),급여,6,세 이하,동성제약(주),소아
셀스틴정(아젤라스틴염산염)_(1mg/1정),급여,6,세 이하,(주)셀트리온제약,소아
아제타민정(아젤라스틴염산염)_(1mg/1정),급여,6,세 이하,대웅바이오(주),소아
자스민정(아젤라스틴염산염)_(1mg/1정),급여,6,세 이하,(주)테라젠이텍스,소아
큐록신정100밀리그램(발로플록사신)_(0.1g/1정),급여,18,세 미만,제이더블유중외제약(주),청소년
지콜연질캡슐(벤조나테이트)_(0.1g/1캡슐),급여,10,세 이하,동성제약(주),소아
명인벤즈트로핀메실산염정1밀리그램_(1mg/1정),급여,3,세 미만,명인제약(주),영유아
환인벤즈트로핀정1밀리그램(벤즈트로핀메실산염)_(1mg/1정),급여,3,세 미만,환인제약(주),영유아
명인벤즈트로핀메실레이트정2밀리그람_(2mg/1정),급여,3,세 미만,명인제약(주),영유아
환인벤즈트로핀정(벤즈트로핀메실산염)_(2mg/1정),급여,3,세 미만,환인제약(주),영유아
테바비칼루타마이드정50밀리그램_(50mg/1정),급여,18,세 미만,(주)한독테바,청소년
피엠에스비칼루타미드정50밀리그램(비칼루타미드(미분화))_(50mg/1정),급여,18,세 미만,파마사이언스코리아(주),청소년
프로칼린정50밀리그램(비칼루타미드)_(50mg/1정),급여,18,세 미만,에이치케이이노엔(주),청소년
비카루드정(비칼루타미드)_(50mg/1정),급여,18,세 미만,광동제약(주),청소년
칼루타미정50mg(비칼루타마이드)_(50mg/1정),급여,18,세 미만,(주)종근당,청소년
프로세이드정(비칼루타미드)_(50mg/1정),급여,18,세 미만,삼진제약(주),청소년
카소비트정(비칼루타미드)_(50mg/1정),급여,18,세 미만,신풍제약(주),청소년
카소덱스정(비칼루타마이드)_(50mg/1정),급여,18,세 미만,한국아스트라제네카(주),청소년
프로카덱스정(비칼루타마이드)_(50mg/1정),급여,18,세 미만,알보젠코리아(주),청소년
비카소정(비칼루타미드)_(50mg/1정),급여,18,세 미만,이연제약(주),청소년
카덱스정(비칼루타미드)_(50mg/1정),급여,18,세 미만,대원제약(주),청소년
칼루타미정150mg(비칼루타마이드)_(0.15g/1정),급여,18,세 미만,(주)종근당,청소년
알파간피점안액0.15%(브리모니딘타르타르산염)_(7.5mg/5mL),급여,2,세 미만,한국애브비(주),영유아
알파몬피점안액0.15%(브리모니딘타르타르산염)_(7.5mg/5mL),급여,2,세 미만,국제약품(주),영유아
휴트라돌정_(1정),급여,12,세 미만,(주)휴온스,소아
엑스페인ER세미서방정_(1정),급여,12,세 미만,(주)한독,소아
아트세미정_(1정),급여,12,세 미만,알보젠코리아(주),소아
아트정_(1정),급여,12,세 미만,알보젠코리아(주),소아
트로셋세미정_(1정),급여,12,세 미만,(주)서울제약,소아
트로셋정_(1정),급여,12,세 미만,(주)서울제약,소아
트로셋서방정_(1정),급여,12,세 미만,(주)서울제약,소아
트로셋세미서방정_(1정),급여,12,세 미만,(주)서울제약,소아
하이세펜정_(1정),급여,12,세 미만,(주)한국파마,소아
울셋세미정_(1정),급여,12,세 미만,(주)비씨월드제약,소아
울셋정_(1정),급여,12,세 미만,(주)비씨월드제약,소아
튜비스정_(1정),급여,8,세 미만,(주)비씨월드제약,소아
엘리펜세미정_(1정),급여,12,세 미만,동국제약(주),소아
엘리펜정_(1정),급여,12,세 미만,동국제약(주),소아
엘리펜서방정_(1정),급여,12,세 미만,동국제약(주),소아
엘리펜세미서방정_(1정),급여,12,세 미만,동국제약(주),소아
바헬바레스피맷_(60회),급여,18,세 미만,한국베링거인겔하임(주),청소년
바헬바레스피맷_(60회)(다회용),급여,18,세 미만,한국베링거인겔하임(주),청소년
바헬바레스피맷_(60회)(리필용),급여,18,세 미만,한국베링거인겔하임(주),청소년
맥시트롤안연고_(3.5g),급여,4,주 미만,한국노바티스(주),소아
맥시트롤점안액_(5mL),급여,4,주 미만,한국노바티스(주),소아
엑세트라세미정_(1정),급여,12,세 미만,신일제약(주),소아
엑세트라정_(1정),급여,12,세 미만,신일제약(주),소아
아마돌세미정_(1정),급여,12,세 미만,아주약품(주),소아
아마돌정_(1정),급여,12,세 미만,아주약품(주),소아
아마돌ER서방정_(1정),급여,12,세 미만,아주약품(주),소아
디워렌정_(1정),급여,12,세 미만,오스틴제약(주),소아
울트란정_(1정),급여,12,세 미만,케이엠에스제약(주),소아
울트란세미정_(1정),급여,12,세 미만,케이엠에스제약(주),소아
제로코푸시럽_(20mL),급여,12,세 미만,일성신약(주),소아
마도펜세미서방정_(1정),급여,12,세 미만,일성신약(주),소아
마도펜세미정_(1정),급여,12,세 미만,일성신약(주),소아
한트라셋세미정_(1정),급여,12,세 미만,한올바이오파마(주),소아
한트라셋정_(1정),급여,12,세 미만,한올바이오파마(주),소아
안티피라세미정_(1정),급여,12,세 미만,알리코제약(주),소아
안티피라정_(1정),급여,12,세 미만,알리코제약(주),소아
"레바셋정(트라마돌염산염,아세트아미노펜)_(1정)",급여,12,세 미만,(주)바스칸바이오제약,소아
"레바셋세미정(트라마돌염산염,아세트아미노펜)_(1정)",급여,12,세 미만,(주)바스칸바이오제약,소아
아펜트라정_(1정),급여,12,세 미만,한국넬슨제약(주),소아
하이콘티서방정_(1정),급여,12,세 미만,환인제약(주),소아
하이콘티세미서방정_(1정),급여,12,세 미만,환인제약(주),소아
지무라돌정_(1정),급여,12,세 미만,(주)동구바이오제약,소아
지무라돌세미정_(1정),급여,12,세 미만,(주)동구바이오제약,소아
지무라돌서방정_(1정),급여,12,세 미만,(주)동구바이오제약,소아
지무라돌세미서방정_(1정),급여,12,세 미만,(주)동구바이오제약,소아
코노펜캡슐_(1캡슐),급여,12,세 이하,하나제약(주),소아
트라미펜세미정_(1정),급여,12,세 미만,하나제약(주),소아
트라미펜정_(1정),급여,12,세 미만,하나제약(주),소아
다노펜정_(1정),급여,12,세 미만,(유)한풍제약,소아
다노펜세미정_(1정),급여,12,세 미만,(유)한풍제약,소아
제이트라정_(1정),급여,12,세 미만,(주)비보존제약,소아
제이트라세미정_(1정),급여,12,세 미만,(주)비보존제약,소아
울트론서방정_(1정),급여,12,세 미만,익수제약(주),소아
울트론세미서방정_(1정),급여,12,세 미만,익수제약(주),소아
트라비트세미서방정_(1정),급여,12,세 미만,(주)씨티씨바이오,소아
트라비트서방정_(1정),급여,12,세 미만,(주)씨티씨바이오,소아
유로셋세미정_(1정),급여,12,세 미만,(주)아이월드제약,소아
유로셋정_(1정),급여,12,세 미만,(주)아이월드제약,소아
울트라핀정_(1정),급여,12,세 미만,에스피씨(주),소아
울트라핀세미정_(1정),급여,12,세 미만,에스피씨(주),소아
타코펜캡슐_(1캡슐),급여,12,세 이하,구주제약(주),소아
트라마펜정_(1정),급여,12,세 미만,구주제약(주),소아
트라마펜세미정_(1정),급여,12,세 미만,구주제약(주),소아
트라마펜세미서방정_(1정),급여,12,세 미만,구주제약(주),소아
트라마펜서방정_(1정),급여,12,세 미만,구주제약(주),소아
무파인세미정_(1정),급여,12,세 미만,대한뉴팜(주),소아
무파인세미서방정_(1정),급여,12,세 미만,대한뉴팜(주),소아
무파인서방정_(1정),급여,12,세 미만,대한뉴팜(주),소아
펜클리어맥스정_(1정),급여,12,세 미만,(주)팜젠사이언스,소아
펜클리어정_(1정),급여,12,세 미만,(주)팜젠사이언스,소아
에이트라세미정_(1정),급여,12,세 미만,코오롱제약(주),소아
에이트라정_(1정),급여,12,세 미만,코오롱제약(주),소아
코푸진시럽_(20mL/포),급여,12,세 미만,코오롱제약(주),소아
코푸진시럽_(13mL),급여,12,세 미만,코오롱제약(주),소아
휴니즈트라셋정_(1정),급여,12,세 미만,(주)휴온스메디텍,소아
트라셋세미정_(1정),급여,12,세 미만,(주)휴온스메디텍,소아
비알코시럽_(20mL),급여,12,세 미만,(주)보령바이오파마,소아
코디캄에스시럽_(500mL),급여,12,세 미만,(주)휴온스,소아
휴트라돌세미정_(1정),급여,12,세 미만,(주)휴온스,소아
페인리스정_(1정),급여,12,세 미만,주식회사제뉴원사이언스,소아
페인리스세미정_(1정),급여,12,세 미만,주식회사제뉴원사이언스,소아
코포나시럽_(20mL),급여,12,세 미만,주식회사제뉴원사이언스,소아
페인리스서방정_(1정),급여,12,세 미만,주식회사제뉴원사이언스,소아
페인리스세미서방정_(1정),급여,12,세 미만,주식회사제뉴원사이언스,소아
코대원시럽_(500mL),급여,12,세 미만,대원제약(주),소아
코대원정(수출명:네오-케이정)_(1정),급여,12,세 미만,대원제약(주),소아
코트림주사액_(5mL),급여,2,개월 미만,대원제약(주),영유아
원트란서방정_(1정),급여,12,세 미만,대원제약(주),소아
원트란세미서방정_(1정),급여,12,세 미만,대원제약(주),소아
코대원포르테시럽_(500mL),급여,12,세 미만,대원제약(주),소아
코대원포르테시럽_(20mL),급여,12,세 미만,대원제약(주),소아
코대원에스시럽_(20mL),급여,12,세 미만,대원제약(주),소아
울파워셋정_(1정),급여,12,세 미만,아이큐어(주),소아
울파워셋세미정_(1정),급여,12,세 미만,아이큐어(주),소아
굿트라셋정_(1정),급여,12,세 미만,(주)다산제약,소아
굿트라셋세미정_(1정),급여,12,세 미만,(주)다산제약,소아
노통펜프러스정_(1정),급여,12,세 미만,화일약품(주),소아
노통펜프러스미니정_(1정),급여,12,세 미만,화일약품(주),소아
울트라뉴정_(1정),급여,12,세 미만,(주)시어스제약,소아
울트라뉴세미정_(1정),급여,12,세 미만,(주)시어스제약,소아
제이아트셋정_(1정),급여,12,세 미만,(주)라이트팜텍,소아
트라맥스세미정_(1정),급여,12,세 미만,(주)라이트팜텍,소아
트라임정_(1정),급여,12,세 미만,(주)한국글로벌제약,소아
트라임세미정_(1정),급여,12,세 미만,(주)한국글로벌제약,소아
아라펜세미정_(1정),급여,12,세 미만,(주)셀트리온제약,소아
아라펜정_(1정),급여,12,세 미만,(주)셀트리온제약,소아
베아셋정_(1정),급여,12,세 미만,대웅바이오(주),소아
베아셋세미정_(1정),급여,12,세 미만,대웅바이오(주),소아
베아셋세미서방정_(1정),급여,12,세 미만,대웅바이오(주),소아
베아셋서방정_(1정),급여,12,세 미만,대웅바이오(주),소아
유트렌세미정_(1정),급여,12,세 미만,일양바이오팜(주),소아
유트렌정_(1정),급여,12,세 미만,일양바이오팜(주),소아
아트라셋정_(1정),급여,12,세 미만,(주)한국피엠지제약,소아
아트라셋세미정_(1정),급여,12,세 미만,(주)한국피엠지제약,소아
듀오다인세미정_(1정),급여,12,세 미만,(주)제뉴파마,소아
아트놀셋세미정_(1정),급여,12,세 미만,(주)테라젠이텍스,소아
아트놀셋정_(1정),급여,12,세 미만,(주)테라젠이텍스,소아
아도스테롤(131I)주사액(요오디네이티트(131I)노르콜레스테롤)_(0.037GBq(1mCi)/1mL),급여,18,세 미만,새한산업(주),청소년
리나치올캡슐500밀리그람(L-카르보시스테인)(수출명:HyundiolCapsule500Mg)_(0.5g/1캡슐),급여,24,개월 미만,현대약품(주),영유아
리나치올캡슐375밀리그램(L-카르보시스테인)(수출명:HyundiolCapsule375Mg)_(0.375g/1캡슐),급여,24,개월 미만,현대약품(주),영유아
뮤코론캡슐375밀리그램(L-카르보시스테인)_(0.375g/1캡슐),급여,24,개월 미만,부광약품(주),영유아
리나치올시럽(L-카르보시스테인)(수출명:HyundiolSyrup)_(10g/500mL),급여,24,개월 미만,현대약품(주),영유아
메피롤-씨시럽2%(L-카르보시스테인)_(10g/500mL),급여,24,개월 미만,일성신약(주),영유아
엑스펙토시럽2%(L-카르보시스테인)_(10g/500mL),급여,24,개월 미만,(주)팜젠사이언스,영유아
리나치올시럽(L-카르보시스테인)(수출명:HyundiolSyrup)_(20g/1000mL),급여,24,개월 미만,현대약품(주),영유아
소아용뮤코론시럽(L-카르보시스테인)_(20g/1000mL),급여,24,개월 미만,부광약품(주),영유아
리나치올시럽5%(L-카르보시스테인)(수출명:HyundiolSyrup5%)_(25g/500mL),급여,24,개월 미만,현대약품(주),영유아
엑스펙토시럽5%(카르보시스테인)_(25g/500mL),급여,24,개월 미만,(주)팜젠사이언스,영유아
리나치올시럽5%(L-카르보시스테인)(수출명:HyundiolSyrup5%)_(50g/1000mL),급여,24,개월 미만,현대약품(주),영유아
뮤코론5%시럽(L-카르보시스테인)_(50g/1000mL),급여,24,개월 미만,부광약품(주),영유아
명인아캄프로세이트정333mg(아캄프로세이트칼슘)_(0.333g/1정),급여,65,세 이상,명인제약(주),고령자
환인아캄프로세이트정(아캄프로세이트칼슘)_(0.333g/1정),급여,65,세 이상,환인제약(주),고령자
글루코바이정100밀리그람(아카보즈)_(0.1g/1정),급여,18,세 이하,(주)한독,청소년
글루코바이정50밀리그람(아카보즈)_(50mg/1정),급여,18,세 이하,(주)한독,청소년
타세놀8시간이알서방정325밀리그램(아세트아미노펜)_(0.325g/1정),급여,12,세 미만,부광약품(주),소아
아세트엠8시간이알서방정650밀리그램(아세트아미노펜)_(0.65g/1정),급여,12,세 미만,(주)마더스제약,소아
타이레펜8시간이알서방정650밀리그램(아세트아미노펜)_(0.65g/1정),급여,12,세 미만,(주)휴비스트제약,소아
타세놀8시간이알서방정(아세트아미노펜)_(0.65g/1정),급여,12,세 미만,부광약품(주),소아
펜잘8시간이알서방정(아세트아미노펜)_(0.65g/1정),급여,12,세 미만,(주)종근당,소아
써스펜8시간이알서방정650밀리그램(아세트아미노펜)_(0.65g/1정),급여,12,세 미만,한미약품(주),소아
엔시드8시간이알서방정650mg(아세트아미노펜)_(0.65g/1정),급여,12,세 미만,한림제약(주),소아
세토펜8시간이알서방정(아세트아미노펜)_(0.65g/1정),급여,12,세 미만,삼아제약(주),소아
타스펜8시간이알서방정650밀리그람(아세트아미노펜)(수출명:도로돈이알정)_(0.65g/1정),급여,12,세 미만,대우제약(주),소아
라페론8시간이알서방정650밀리그램(아세트아미노펜)_(0.65g/1정),급여,12,세 미만,안국약품(주),소아
티메롤8시간이알서방정(아세트아미노펜)_(0.65g/1정),급여,12,세 미만,(주)서울제약,소아
타이몰8시간이알서방정650밀리그램(아세트아미노펜)_(0.65g/1정),급여,12,세 미만,(주)동구바이오제약,소아
타이리콜8시간이알서방정(아세트아미노펜)_(0.65g/1정),급여,12,세 미만,하나제약(주),소아
"타이펜8시간이알서방정_(아세트아미노펜, 0.65g/1정)",급여,12,세 미만,영풍제약(주),소아
후리졸정(알벤다졸)_(0.4g/1정),비급여,2,세 미만,에이프로젠제약(주),영유아
동인당알벤다졸정400밀리그람_(0.4g/1정),비급여,2,세 미만,동인당제약(주),영유아
모아졸정(알벤다졸)_(0.4g/1정),비급여,2,세 미만,(주)아이월드제약,영유아
대한뉴팜알벤다졸정(알벤다졸)_(0.4g/1정),비급여,2,세 미만,대한뉴팜(주),영유아
다졸정(알벤다졸)_(0.4g/1정),비급여,2,세 미만,아이큐어(주),영유아
다산알벤다졸정400밀리그램_(0.4g/1정),비급여,2,세 미만,(주)다산제약,영유아
화일알벤다졸정_(0.4g/1정),비급여,2,세 미만,화일약품(주),영유아
글로알벤다졸정(알벤다졸)_(0.4g/1정),비급여,2,세 미만,(주)한국글로벌제약,영유아
일양바이오알벤다졸정_(0.4g/1정),비급여,2,세 미만,일양바이오팜(주),영유아
액틱구강정1600마이크로그램(구연산펜타닐)_(2.5136mg/1정),비급여,18,세 미만,현대약품(주),청소년
대한펜타닐주사액_(50μg/1mL),비급여,2,세 미만,대한약품공업(주),영유아
대원펜타닐시트르산염주사액_(78.5μg/1mL),비급여,2,세 미만,대원제약(주),영유아
대한펜타닐주사액_(1.5mg/30mL),비급여,2,세 미만,대한약품공업(주),영유아
하이탈로트과립(히드로탈시트)_(0.5g/1포),비급여,15,세 미만,(주)다산제약,청소년
에스피씨히드로탈시트산_(100g/200g),비급여,15,세 미만,에스피씨(주),청소년
히드케이주(히드록소코발라민)_(5mg/2mL),비급여,4,주 미만,광동제약(주),소아
이알펜8시간서방정(아세트아미노펜)_(0.65g/1정),급여,12,세 미만,(주)경보제약,소아
브리딘티점안액0.15%(브리모니딘타르타르산염)(1회용)_(0.45mg/0.3mL),급여,2,세 미만,한림제약(주),영유아
"유니온피록시캄주(수출명:PROXID Inj., UNIXICAM Inj.)_(20mg/1mL)",급여,4,주 미만,한국유니온제약(주),소아
"유니온피록시캄주(수출명:PROXID Inj., UNIXICAM Inj.)_(20mg/1mL)",급여,80,세 이상,한국유니온제약(주),기타
"휴온스피록시캄근육주사(수출명:CAMADOLinj.,CAMROX20mgInj.)_(20mg/1mL)",급여,4,주 미만,(주)휴온스,소아
"휴온스피록시캄근육주사(수출명:CAMADOLinj.,CAMROX20mgInj.)_(20mg/1mL)",급여,80,세 이상,(주)휴온스,기타
료마주(피록시캄칼륨)_(22.3mg/1mL),급여,4,주 미만,삼성제약(주),소아
레드업주(히드록소코발라민)_(5mg/2mL),비급여,4,주 미만,동광제약(주),소아
비타비더즌주(히드록소코발라민)_(5mg/2mL),비급여,4,주 미만,경동제약(주),소아
료마주(피록시캄칼륨)_(22.3mg/1mL),급여,80,세 이상,삼성제약(주),기타
피로브이주(피록시캄칼륨)_(22.3mg/1mL),급여,4,주 미만,이연제약(주),소아
피로브이주(피록시캄칼륨)_(22.3mg/1mL),급여,80,세 이상,이연제약(주),기타
코오롱브렉신정10밀리그램(피록시캄베타사이클로덱스트린)_(95.6mg/1정),급여,80,세 이상,코오롱제약(주),기타
아가메이트젤리(폴리스티렌설폰산칼슘)_(5g/25g),급여,1,개월 미만,제이더블유중외제약(주),영유아
엠피카로우과립(폴리스티렌설폰산칼슘)_(5g/5g),급여,1,개월 미만,(주)이든파마,영유아
카리메트과립(폴리스티렌설폰산칼슘)_(5g/5g),급여,1,개월 미만,알보젠코리아(주),영유아
카포네과립(폴리스티렌설폰산칼슘)_(5g/5g),급여,1,개월 미만,오스틴제약(주),영유아
카립트과립(폴리스티렌설폰산칼슘)_(5g/5g),급여,1,개월 미만,(주)넥스팜코리아,영유아
카슈트과립(폴리스티렌설폰산칼슘)_(5g/5g),급여,1,개월 미만,디아이디바이오(주),영유아
카비엠과립(폴리스티렌설폰산칼슘)_(5g/5.352g),급여,1,개월 미만,(주)팜젠사이언스,영유아
케이슈머산(폴리스티렌설폰산칼슘)_(5g/5g),급여,1,개월 미만,(주)보령,영유아
카리메트산(폴리스티렌설폰산칼슘)_(5g/5g),급여,1,개월 미만,알보젠코리아(주),영유아
카슈트산(폴리스티렌설폰산칼슘)_(5g/5g),급여,1,개월 미만,디아이디바이오(주),영유아
카비엠산(폴리스티렌설폰산칼슘)_(5g/5.1g),급여,1,개월 미만,(주)팜젠사이언스,영유아
케이슈머현탁액(폴리스티렌설폰산칼슘)_(5g/20mL),급여,1,개월 미만,(주)보령,영유아
카스카현탁액(폴리스티렌설폰산칼슘)_(5g/20mL),급여,1,개월 미만,영진약품(주),영유아
아가메이트현탁액(폴리스티렌설폰산칼슘)_(5g/20mL),급여,1,개월 미만,제이더블유중외제약(주),영유아
큐덱시서방캡슐25밀리그램(토피라메이트)_(25mg/1캡슐),급여,2,세 미만,에스케이케미칼(주),영유아
토피큐정25밀리그램(토피라메이트)_(25mg/1정),급여,2,세 미만,대원바이오텍주식회사,영유아
아토맥정25밀리그램(토피라메이트)_(25gm/1정),급여,2,세 미만,(주)아리제약,영유아
졸피드정10밀리그램(졸피뎀타르타르산염)_(10mg/1정),급여,18,세 미만,한미약품(주),청소년
스립정10밀리그램(졸피뎀타르타르산염)_(10mg/1정),급여,18,세 미만,유니메드제약(주),청소년
스틸렉스정10밀리그램(졸피뎀타르타르산염)_(10mg/1정),급여,18,세 미만,명문제약(주),청소년
졸피신정10mg(졸피뎀타르타르산염)_(10mg/1정),급여,18,세 미만,명인제약(주),청소년
스틸녹스정10밀리그램(졸피뎀타르타르산염)_(10mg/1정),급여,18,세 미만,(주)한독,청소년
파마주석산졸피뎀정(졸피뎀타르타르산염)_(10mg/1정),급여,18,세 미만,(주)한국파마,청소년
졸피람정10밀리그램(졸피뎀타르타르산염)_(10mg/1정),급여,18,세 미만,환인제약(주),청소년
산도스졸피뎀정10mg(주석산졸피뎀)_(10mg/1정),급여,18,세 미만,한국산도스(주),청소년
졸피드정5밀리그램(졸피뎀타르타르산염)_(5mg/1정),급여,18,세 미만,한미약품(주),청소년
스립정5밀리그램(졸피뎀타르타르산염)_(5mg/1정),급여,18,세 미만,유니메드제약(주),청소년
졸피신정5mg(졸피뎀타르타르산염)_(5mg/1정),급여,18,세 미만,명인제약(주),청소년
스틸녹스CR정6.25밀리그램(졸피뎀타르타르산염)_(6.25mg/1정),급여,18,세 미만,(주)한독,청소년
스틸녹스CR정12.5밀리그램(졸피뎀타르타르산염)_(12.5mg/1정),급여,18,세 미만,(주)한독,청소년
카베2코와과립_(13g),비급여,15,세 미만,한국코와(주),청소년
코다나에스시럽_(20mL),비급여,12,세 미만,주식회사다나젠,소아
위제로정_(1정),비급여,15,세 미만,일양약품(주),청소년
헤파비트200연질캡슐_(1캡슐),비급여,12,세 이하,크리스탈생명과학(주),소아
리버텍션연질캡슐_(1캡슐),비급여,12,세 이하,제일헬스사이언스(주),소아
가네탑골드연질캡슐_(1캡슐),비급여,12,세 이하,일양약품(주),소아
하이마린연질캡슐_(1캡슐),비급여,12,세 이하,광동제약(주),소아
인콤정(알벤다졸)_(0.4g/1정),비급여,2,세 미만,(주)이든파마,영유아
"대웅알벤다졸정(수출명: Medalben Tab, Daezole)_(0.4g/1정)",비급여,2,세 미만,(주)대웅제약,영유아
알바콤정(알벤다졸)_(0.4g/1정),비급여,2,세 미만,일양약품(주),영유아
보령알벤다졸정_(0.4g/1정),비급여,2,세 미만,(주)보령,영유아
젠텔정400밀리그램(알벤다졸)_(0.4g/1정),비급여,2,세 미만,(주)유한양행,영유아
알벤졸정(알벤다졸)_(0.4g/1정),비급여,2,세 미만,삼성제약(주),영유아
종근당알벤다졸정_(0.4g/1정),비급여,2,세 미만,(주)종근당,영유아
네오벤졸정(알벤다졸)_(0.4g/1정),비급여,2,세 미만,국제약품(주),영유아
윈다졸정(알벤다졸)_(0.4g/1정),비급여,2,세 미만,조아제약(주),영유아
알로스탑연질캡슐(로라타딘)_(10mg/1캡슐),비급여,6,세 미만,영진약품(주),소아
플로라딘연질캡슐(로라타딘)_(10mg/1캡슐),비급여,6,세 미만,동화약품(주),소아
로라샷연질캡슐(로라타딘)_(10mg/1캡슐),비급여,6,세 미만,(주)에이프로젠바이오로직스,소아
로라딘연질캡슐(로라타딘)_(10mg/1캡슐),비급여,6,세 미만,한솔신약(주),소아
클로딘연질캡슐(로라타딘)_(10mg/1캡슐),비급여,6,세 미만,진양제약(주),소아
에치팡연질캡슐(로라타딘)_(10mg/1캡슐),비급여,6,세 미만,경방신약(주),소아
알레오프엘정(로라타딘)_(10mg/1정),비급여,6,세 미만,부광약품(주),소아
마자놀정(마진돌)_(1mg/1정),비급여,16,세 이하,광동제약(주),청소년
레버톤정(카르두스마리아누스엑스)(수출명:레가스톤정)_(0.1g/1정),비급여,12,세 이하,유니메드제약(주),소아
하노마린정(카르두스마리아누스엑스)_(0.1g/1정),비급여,12,세 이하,한올바이오파마(주),소아
레드리버연질캡슐(밀크시슬열매건조엑스)_(0.35g/1캡슐),비급여,12,세 이하,제일헬스사이언스(주),소아
실리스칸연질캡슐(밀크시슬열매건조엑스)_(0.35g/1캡슐),비급여,12,세 이하,엔비케이제약(주),소아
가네맥스연질캡슐(밀크시슬열매건조엑스)_(0.35g/1캡슐),비급여,12,세 이하,코스맥스파마(주),소아
리버칼에프연질캡슐350밀리그램(밀크시슬열매건조엑스)_(0.35g/1캡슐),비급여,12,세 이하,(주)한국파비스제약,소아
에스마린350연질캡슐(밀크시슬열매건조엑스)_(0.35g/1캡슐),비급여,12,세 이하,(주)씨엘팜,소아
헤파가드연질캡슐350mg(밀크시슬열매건조엑스)_(0.35g/1캡슐),비급여,12,세 이하,(주)마더스제약,소아
리버케어연질캡슐(밀크시슬열매건조엑스)_(0.35g/1캡슐),비급여,12,세 이하,한국신텍스제약(주),소아
리버만프리미엄연질캡슐(밀크시슬열매건조엑스)_(0.35g/1캡슐),비급여,12,세 이하,동아제약(주),소아
"오비스정(알벤다졸)(수출명:ZENTENE-F,ALBENDAZOLE)_(0.4g/1정)",비급여,2,세 미만,대화제약(주),영유아
에이치엘비알벤다졸400정_(0.4g/1정),비급여,2,세 미만,에이치엘비제약(주),영유아
알졸타정400mg(알벤다졸)_(0.4g/1정),비급여,2,세 미만,경남제약(주),영유아
젠타졸정(알벤다졸)_(0.4g/1정),비급여,2,세 미만,(주)씨엠지제약,영유아
알캔다졸정(알벤다졸)_(0.4mg/1정),비급여,2,세 미만,한국휴텍스제약(주),영유아
제나콤정(알벤다졸)_(0.4g/1정),비급여,2,세 미만,명문제약(주),영유아
알비정400mg(알벤다졸)_(0.4g/1정),비급여,2,세 미만,알리코제약(주),영유아
알벤다정(알벤다졸)_(0.4g/1정),비급여,2,세 미만,(주)바스칸바이오제약,영유아
알벤프리졸정(알벤다졸)_(0.4g/1정),비급여,2,세 미만,(유)한풍제약,영유아
제이알알벤다졸정400밀리그람_(0.4g/1정),비급여,2,세 미만,(주)비보존제약,영유아
익수알벤졸정(알벤다졸)_(0.4g/1정),비급여,2,세 미만,익수제약(주),영유아
알벤정(알벤다졸)_(0.4g/1정),비급여,2,세 미만,위더스제약(주),영유아
젤텐정(알벤다졸)_(0.4g/1정),비급여,2,세 미만,경방신약(주),영유아
알킬정(알벤다졸)_(0.4g/1정),비급여,2,세 미만,(주)마더스제약,영유아
제로알정(알벤다졸)_(0.4g/1정),비급여,2,세 미만,(주)텔콘알에프제약,영유아
리버토닉연질캡슐(밀크시슬열매건조엑스)_(0.35g/1캡슐),비급여,12,세 이하,동인당제약(주),소아
리버라이프연질캡슐(밀크시슬열매건조엑스)_(0.35g/1캡슐),비급여,12,세 이하,(주)경보제약,소아
내간애플러스연질캡슐(밀크시슬열매건조엑스)_(0.35g/1캡슐),비급여,12,세 이하,초당약품공업(주),소아
가네원연질캡슐350밀리그램(밀크시슬열매건조엑스)_(0.35g/1캡슐),비급여,12,세 이하,대원제약(주),소아
실리간포르테연질캡슐(밀크시슬열매건조엑스)_(0.35g/1캡슐),비급여,12,세 이하,아이큐어(주),소아
실리킹볼란테연질캡슐(밀크시슬열매건조엑스)_(0.35g/1캡슐),비급여,12,세 이하,정우신약(주),소아
헤포웰연질캡슐350mg(밀크시슬열매건조엑스)_(0.35g/1캡슐),비급여,12,세 이하,(주)제뉴파마,소아
실리세프연질캡슐(밀크시슬열매건조엑스)_(0.175g/1캡슐),비급여,12,세 이하,일동제약(주),소아
리버실린연질캡슐(카르두스마리아누스엑스)_(0.175g/1캡슐),비급여,12,세 이하,미래바이오제약㈜,소아
미노클캡슐50밀리그램(미노사이클린염산염)_(50mg/1캡슐),비급여,12,세 미만,(주)메디카코리아,소아
엠빅스에스구강붕해필름50밀리그램(미로데나필)_(50mg/1장),비급여,18,세 이하,에스케이케미칼(주),청소년
엠빅스에스구강붕해필름100밀리그램(미로데나필)_(0.1g/1장),비급여,18,세 이하,에스케이케미칼(주),청소년
엠빅스정50밀리그램(미로데나필염산염)_(56.9mg/1정),비급여,18,세 이하,에스케이케미칼(주),청소년
엠빅스정100밀리그램(염산미로데나필)_(0.1138g/1정),비급여,18,세 이하,에스케이케미칼(주),청소년
라게브리오캡슐(몰누피라비르)_(0.2g/1캡슐),비급여,18,세 미만,한국엠에스디(주),청소년
모멘타점비액(모메타손푸로에이트)_(7mg/140회),비급여,24,개월 미만,주식회사 더유제약,영유아
모메코트크림(모메타손푸로에이트)_(10mg/10g),비급여,2,세 이하,(주)퍼슨,영유아
모멘타크림(모메타손푸로에이트)_(15mg/15g),비급여,2,세 이하,주식회사 더유제약,영유아
케노펜쿨링카타플라스마(케토프로펜)_(9X13㎠/1매),비급여,15,세 미만,일동제약(주),청소년
가네조아350연질캡슐(밀크시슬열매건조엑스)_(0.35g/1캡슐),비급여,12,세 이하,위더스제약(주),소아
카르마연질캡슐(밀크시슬열매건조엑스)_(0.35g/1캡슐),비급여,12,세 이하,한국프라임제약(주),소아
큐메타손크림(모메타손푸로에이트)_(15mg/15g),비급여,2,세 이하,주식회사큐엘파마,영유아
모멘타크림(모메타손푸로에이트)_(0.45g/450g),비급여,2,세 이하,주식회사 더유제약,영유아
에세푸릴캡슐(니푸록사지드)_(0.2g/1캡슐),비급여,1,개월 미만,부광약품(주),영유아
지씨비타일이주(히드록소코발라민)_(5mg/2mL),비급여,4,주 미만,(주)녹십자웰빙,소아
반드론산정(이반드론산나트륨일수화물)_(0.15g/1정),비급여,18,세 이하,동성제약(주),청소년
오스테포스주사(이반드론산나트륨일수화물)_(3.374mg/3mL),비급여,18,세 이하,(주)휴비스트제약,청소년
안티푸라민롤파스(케토프로펜)_(7X5㎠/1매),비급여,15,세 미만,(주)유한양행,청소년
안티푸라민케토플라스타(케토프로펜)_(7X10㎠/1매),비급여,15,세 미만,(주)유한양행,청소년
사라펜플라스타(케토프로펜)_(7X10㎠/1매),비급여,15,세 미만,동국제약(주),청소년
제일제약케토프로펜주_(0.1g/2mL),비급여,4,주 미만,(주)제일제약,소아
케펜겔(케토프로펜)_(1.5g/50g),비급여,15,세 미만,(주)한국파비스제약,청소년
케토팝겔(케토프로펜)_(1.5g/50g),비급여,15,세 미만,동성제약(주),청소년
아마프로겔3%(케토프로펜)_(1.5g/50g),비급여,15,세 미만,(주)씨엠지제약,청소년
케토에스겔(케토프로펜)_(1.5g/50g),비급여,15,세 미만,주식회사제뉴원사이언스,청소년
케프겔(케토프로펜)_(1.5g/50g/튜브),비급여,15,세 미만,(주)시어스제약,청소년
케프겔(케토프로펜)_(1.5g/50g/병),비급여,15,세 미만,(주)시어스제약,청소년
케프겔(케토프로펜)_(3g/100g/튜브),비급여,15,세 미만,(주)시어스제약,청소년
케프겔(케토프로펜)_(3g/100g/병),비급여,15,세 미만,(주)시어스제약,청소년
케프겔(케토프로펜)_(3.3g/110g/튜브),비급여,15,세 미만,(주)시어스제약,청소년
파스툼겔(케토프로펜)_(1.25g/50g),비급여,15,세 미만,한국메나리니(주),청소년
케토엑스투카타플라스마(케토프로펜)_(9X13㎠/1매),비급여,15,세 미만,대화제약(주),청소년
탑스에프카타플라스마(케토프로펜)_(10X14㎠/1매),비급여,15,세 미만,대화제약(주),청소년
아이파프케어팝카타플라스마(케토프로펜)_(10X14㎠/1매),비급여,15,세 미만,아이큐어(주),청소년
파프케이플러스카타플라스마(케토프로펜)_(10X14㎠/1매),비급여,15,세 미만,(주)티디에스팜,청소년
토파원정25밀리그램(토피라메이트)_(25mg/1정),급여,2,세 미만,(주)마더스제약,영유아
제일파프케이카타플라스마(케토프로펜)_(9X13㎠/1매),비급여,15,세 미만,제일헬스사이언스(주),청소년
맨담케토쿨카타플라스마(케토프로펜)_(9X13㎠/1매),비급여,15,세 미만,(주)보령,청소년
파인스쿨푸로펜카타플라스마(케토프로펜)_(9X13㎠/1매),비급여,15,세 미만,태극제약(주),청소년
탑스에프카타플라스마(케토프로펜)_(9X13㎠/1매),비급여,15,세 미만,대화제약(주),청소년
제놀탑에스카타플라스마(케토프로펜)_(6X8㎠/1매),비급여,15,세 미만,(주)녹십자,청소년
안티푸라민케토카타플라스마(케토프로펜)_(12X8㎠/1매),비급여,15,세 미만,(주)유한양행,청소년
제놀탑에스카타플라스마(케토프로펜)_(8X12㎠/1매),비급여,15,세 미만,(주)녹십자,청소년
노펜스트롱카타플라스마(케토프로펜)_(12X8㎠/1매),비급여,15,세 미만,제이더블유중외제약(주),청소년
아이파프케어팝카타플라스마(케토프로펜)_(12X8㎠/1매),비급여,15,세 미만,아이큐어(주),청소년
파프케이플러스카타플라스마(케토프로펜)_(12X8㎠/1매),비급여,15,세 미만,(주)티디에스팜,청소년
제일케토파워카타플라스마(케토프로펜)_(9X13㎠/1매),비급여,15,세 미만,제일헬스사이언스(주),청소년
케프로텍카타플라스마(케토프로펜)_(50.14mg/1매),비급여,15,세 미만,현대약품(주),청소년
트라스트핑거플라스타(케토프로펜)_(10㎠/1매),비급여,15,세 미만,에스케이케미칼(주),청소년
케토진첩부제(케토프로펜)_(7x10㎠/1매),비급여,15,세 미만,(주)텔콘알에프제약,청소년
케프로텍플라스타(케토프로펜)_(7X10㎠/1매),비급여,15,세 미만,현대약품(주),청소년
신신케토크린24플라스타(케토프로펜)_(7X10㎠/1매),비급여,15,세 미만,신신제약(주),청소년
"케바논첩부제(케토프로펜)(수출명:PlasterJoint,PolyArtritoPlast,KEPAX)_(7X10㎠/1매)",비급여,15,세 미만,대화제약(주),청소년
류마켄플라스타(케토프로펜)_(7X10㎠/1매),비급여,15,세 미만,동광제약(주),청소년
하루펜플라스타(케토프로펜)_(70㎠/1매),비급여,15,세 미만,신일제약(주),청소년
케프로펜경고제(케토프로펜)_(7X14㎠/1매),비급여,15,세 미만,(주)오현파마코푸레이션,청소년
플라톱플라스타(케토프로펜)_(7X10㎠/1매),비급여,15,세 미만,(주)경보제약,청소년
케로팝경고제(케토프로펜)_(7X14㎠/1매),비급여,15,세 미만,메디코스팜,청소년
케토프로첩부제(케토프로펜)_(10X7㎠/1매),비급여,15,세 미만,메디코스팜,청소년
케논에스플라스타(케토프로펜)_(10㎠/1매),비급여,15,세 미만,아이큐어(주),청소년
케로펜디플라스타(케토프로펜)_(7×10㎠/1매),비급여,15,세 미만,(주)티디에스팜,청소년
케토팝더생(케토프로펜)_(7X14㎠/1매),비급여,15,세 미만,(주)재우스팜,청소년
케토크린플라스타(케토프로펜)_(10X14㎠/1매),비급여,15,세 미만,신신제약(주),청소년
케토톱플라스타(케토프로펜)_(140㎠/1매),비급여,15,세 미만,(주)한독,청소년
케프로텍플라스타(케토프로펜)_(8.5X12.36㎠/1매),비급여,15,세 미만,현대약품(주),청소년
케펨플라스타(케토프로펜)_(7X10㎠/1매),비급여,15,세 미만,(주)종근당,청소년
제놀골드플라스타(케토프로펜)_(7X10㎠/1매),비급여,15,세 미만,(주)녹십자,청소년
케로펜플라스타(케토프로펜)_(10X7㎠/1매),비급여,15,세 미만,(주)티디에스팜,청소년
리베마린200연질캡슐_(1캡슐),비급여,12,세 이하,동성제약(주),소아
렉타신정(레보플록사신수화물)_(0.1g/1정),비급여,18,세 이하,유니메드제약(주),청소년
레보플러스정(레보플록사신)_(0.1g/1정),비급여,18,세 이하,코오롱제약(주),청소년
리도아에프거즈(리도카인)_(10X10㎠/1매),비급여,3,개월 이하,(주)퍼슨,영유아
스타마릴주(약독황열생바이러스백신)(관납용)_(1병),비급여,6,개월 미만,사노피파스퇴르(주),영유아
로메텍정(로메플록사신염산염)_(0.4416g/1정),비급여,18,세 이하,오스틴제약(주),청소년
로피딘캡슐(로페라미드염산염)_(2mg/1캡슐),비급여,24,개월 미만,(주)화이트생명과학,영유아
로페리캡슐(로페라미드염산염)_(2mg/1캡슐),비급여,24,개월 미만,미래바이오제약㈜,영유아
제일알지싹로라연질캡슐(로라타딘)_(10mg/1캡슐),비급여,6,세 미만,제일헬스사이언스(주),소아
시노타딘연질캡슐(로라타딘)_(10mg/1캡슐),비급여,6,세 미만,현대약품(주),소아
레복스주(레보플록사신수화물)_(1.02492g/200mL),비급여,18,세 이하,(주)오스코리아제약,청소년
니라벤캡슐(니푸록사지드)_(0.2g/1캡슐),비급여,1,개월 미만,에이프로젠제약(주),영유아
레피즈캡슐(니푸록사지드)_(0.2g/1캡슐),비급여,1,개월 미만,삼진제약(주),영유아
엔터폴캡슐(니푸록사지드)_(0.2g/1캡슐),비급여,1,개월 미만,오스틴제약(주),영유아
보령니트로푸란토인캡슐_(50mg/1캡슐),비급여,3,개월 미만,(주)보령,영유아
지엘오플록사신정100밀리그램_(0.1g/1정),비급여,18,세 이하,지엘파마(주),청소년
오프록신정100mg(오플록사신)(수출명:인바이오넷오프록신정(오플록사신)인바이오넷인팍신정(오플록사신)_(0.1g/1정),비급여,18,세 이하,크리스탈생명과학(주),청소년
오메크린크림(퍼메트린)_(1.5g/30g),비급여,2,세 미만,(주)대웅제약,영유아
신신퍼메트린크림_(1.5g/30g),비급여,2,세 미만,신신제약(주),영유아
페로친주(페르페나진염산염)_(3mg/1mL),비급여,14,세 이하,(주)제일제약,청소년
아트라진정(펜디메트라진타르타르산염)_(35mg/1정),비급여,16,세 이하,광동제약(주),청소년
펜디씬정(펜디메트라진타르타르산염)_(35mg/1정),비급여,16,세 이하,(주)바이넥스,청소년
펜디예뜨정(펜디메트라진타르타르산염)_(35mg/1정),비급여,16,세 이하,제이더블유중외신약(주),청소년
엔슬림정(펜디메트라진타르타르산염)_(35mg/1정),비급여,16,세 이하,조아제약(주),청소년
페닝정(펜디메트라진타르타르산염)_(35mg/1정),비급여,16,세 이하,태극제약(주),청소년
펜디펜정(펜디메트라진타르타르산염)_(35mg/1정),비급여,16,세 이하,에이프로젠제약(주),청소년
펜디라정(펜디메트라진타르타르산염)_(35mg/1정),비급여,16,세 이하,(주)뉴젠팜,청소년
다이트린정(펜디메트라진타르타르산염)_(35mg/1정),비급여,16,세 이하,영일제약(주),청소년
펜타씬정(펜디메트라진타르타르산염)_(35mg/1정),비급여,16,세 이하,명문제약(주),청소년
푸링정(펜디메트라진타르타르산염)_(35mg/1정),비급여,16,세 이하,알보젠코리아(주),청소년
펜디진정35mg(펜디메트라진타르타르산염)_(35mg/1정),비급여,16,세 이하,(주)서울제약,청소년
아드펜정(펜디메트라진타르타르산염)_(35mg/1정),비급여,16,세 이하,(주)한국파마,청소년
라이트진정(펜디메트라진타르타르산염)_(35mg/1정),비급여,16,세 이하,(주)한국비엠아이,청소년
펜슬림정(펜디메트라진타르타르산염)_(35mg/1정),비급여,16,세 이하,하나제약(주),청소년
디에트정(펜디메트라진타르타르산염)_(35mg/1정),비급여,16,세 이하,(주)비보존제약,청소년
큐덱시서방캡슐50밀리그램(토피라메이트)_(50mg/1캡슐),급여,2,세 미만,에스케이케미칼(주),영유아
토피론정50밀리그램(토피라메이트)_(50mg/1정),급여,2,세 미만,한림제약(주),영유아
오젝스정(토수플록사신토실산염수화물)_(0.15g/1정),급여,18,세 미만,에스케이케미칼(주),청소년
트리돌서방정(트라마돌염산염)_(0.1g/1정),급여,12,세 미만,(주)유한양행,소아
지트람엑스엘서방정150밀리그람(트라마돌염산염)_(0.15g/1정),급여,12,세 미만,한국먼디파마유한회사,소아
지트람엑스엘서방정200밀리그람(트라마돌염산염)_(0.2g/1정),급여,12,세 미만,한국먼디파마유한회사,소아
액티리버골드연질캡슐_(1캡슐),비급여,12,세 이하,(주)종근당,소아
헤파피스연질캡슐_(1캡슐),비급여,12,세 이하,에이프로젠제약(주),소아
리버텍트골드연질캡슐_(1캡슐),비급여,12,세 이하,한국코러스(주),소아
리게논업연질캡슐_(1캡슐),비급여,12,세 이하,신일제약(주),소아
헤파시린포르테연질캡슐_(1캡슐),비급여,12,세 이하,영풍제약(주),소아
리버파워포르테연질캡슐_(1캡슐),비급여,12,세 이하,아이큐어(주),소아
리버플란연질캡슐_(1캡슐),비급여,12,세 이하,(주)서흥,소아
헵타마인플러스연질캡슐_(1캡슐),비급여,12,세 이하,동방에프티엘(주),소아
헤파플러스연질캡슐_(1캡슐),비급여,12,세 이하,(주)테라젠이텍스,소아
복합탈시드츄어블정_(1정),비급여,15,세 미만,(주)한독,청소년
스리날-에스정_(1정),비급여,15,세 미만,영풍제약(주),청소년
론서프정20_(1정),비급여,18,세 이하,제일약품(주),청소년
론서프정15_(1정),비급여,18,세 이하,제일약품(주),청소년
와이투아트라세미정_(1정),비급여,12,세 미만,성이바이오(주),소아
와이투아트라셋정_(1정),비급여,12,세 미만,성이바이오(주),소아
디아로펜캡슐_(1캡슐),비급여,2,세 미만,일양약품(주),영유아
로페리드캡슐_(1캡슐),비급여,2,세 미만,한미약품(주),영유아
로이디펜캡슐_(1캡슐),비급여,2,세 미만,미래바이오제약㈜,영유아
배탈렌캡슐_(1캡슐),비급여,2,세 미만,화일약품(주),영유아
후라베린큐시럽_(90mL),비급여,19,세 미만,일동제약(주),고령자
가네존연질캡슐(밀크시슬열매건조엑스)_(0.35g/1캡슐),비급여,12,세 이하,(주)이든파마,소아
가네실린포르테연질캡슐(카르두스마리아누스엑스)_(0.35g/1캡슐),비급여,12,세 이하,광동제약(주),소아
리버350연질캡슐(밀크시슬열매건조엑스)_(0.35g/1캡슐),비급여,12,세 이하,현대약품(주),소아
"에너리버연질캡슐350mg(밀크시슬열매건조엑스)(수출명: Ener-Liver, YUHAN E-Gan Soft Capsule 350mg)_(0.35g/1캡슐)",비급여,12,세 이하,(주)유한양행,소아
레가리버350연질캡슐(밀크시슬열매건조엑스)_(0.35g/1캡슐),비급여,12,세 이하,부광약품(주),소아
영진리버렉스연질캡슐350mg(밀크시슬열매건조엑스)_(0.35g/1캡슐),비급여,12,세 이하,영진약품(주),소아
맥스헤파연질캡슐(밀크시슬열매건조엑스)_(0.35g/1캡슐),비급여,12,세 이하,동화약품(주),소아
실리톤연질캡슐(밀크시슬열매건조엑스)_(0.35g/1캡슐),비급여,12,세 이하,고려제약(주),소아
실리세프연질캡슐350밀리그램(밀크시슬열매건조엑스)_(0.35g/1캡슐),비급여,12,세 이하,일동제약(주),소아
액티리버모닝연질캡슐(밀크시슬열매건조엑스)_(0.35g/1캡슐),비급여,12,세 이하,(주)종근당,소아
실리웰골드연질캡슐(밀크시슬열매건조엑스)_(0.35g/1캡슐),비급여,12,세 이하,(주)녹십자,소아
리버존연질캡슐350mg(밀크시슬열매건조엑스)_(0.35g/1캡슐),비급여,12,세 이하,삼익제약(주),소아
헤파두스플러스연질캡슐(밀크시슬열매건조엑스)_(0.35g/1캡슐),비급여,12,세 이하,조아제약(주),소아
헤파맥스연질캡슐350밀리그램(밀크시슬열매건조엑스)_(0.35g/1캡슐),비급여,12,세 이하,에스케이케미칼(주),소아
리버린350연질캡슐(밀크시슬열매건조엑스)_(0.35g/1캡슐),비급여,12,세 이하,태극제약(주),소아
리시브골드연질캡슐(밀크시슬열매건조엑스)_(0.35g/1캡슐),비급여,12,세 이하,제이더블유중외제약(주),소아
리버킹연질캡슐 350mg(밀크시슬열매건조엑스)_(0.35g/1캡슐),비급여,12,세 이하,에이프로젠제약(주),소아
맥스리버연질캡슐350mg(밀크시슬열매건조엑스)_(0.35g/1캡슐),비급여,12,세 이하,한솔신약(주),소아
외유내간연질캡슐(밀크시슬열매건조엑스)_(0.35g/1캡슐),비급여,12,세 이하,삼진제약(주),소아
제니텔정(알벤다졸)_(0.4g/1정),비급여,2,세 미만,(주)테라젠이텍스,영유아
가네탑플러스연질캡슐350밀리그램(밀크시슬열매건조엑스)_(0.35g/1캡슐),비급여,12,세 이하,일양약품(주),소아
에브리버연질캡슐350밀리그램(밀크시슬열매건조엑스)_(0.35g/1캡슐),비급여,12,세 이하,경동제약(주),소아
시리아민골드연질캡슐350mg(밀크시슬열매건조엑스)_(0.35g/1캡슐),비급여,12,세 이하,(주)씨엠지제약,소아
웰리버연질캡슐(밀크시슬열매건조엑스)_(0.35g/1캡슐),비급여,12,세 이하,풍림무약(주),소아
레가탄포르테연질캡슐(밀크시슬열매건조엑스)_(0.35g/1캡슐),비급여,12,세 이하,영일제약(주),소아
리버풀350연질캡슐(밀크시슬열매건조엑스)_(0.35g/1캡슐),비급여,12,세 이하,신일제약(주),소아
포리버연질캡슐350밀리그램(밀크시슬열매건조엑스)_(0.35g/1캡슐),비급여,12,세 이하,오스틴제약(주),소아
리버솔연질캡슐(밀크시슬열매건조엑스)_(0.35g/1캡슐),비급여,12,세 이하,알리코제약(주),소아
실리탑350연질캡슐(밀크시슬열매건조엑스)_(0.35g/1캡슐),비급여,12,세 이하,(주)동구바이오제약,소아
헤파시슬350연질캡슐(밀크시슬열매건조엑스)_(0.35g/1캡슐),비급여,12,세 이하,이연제약(주),소아
리버신350연질캡슐(밀크시슬열매건조엑스)_(0.35g/1캡슐),비급여,12,세 이하,경진제약(주),소아
토르에스정50밀리그램(실데나필시트르산염)_(70.23mg/1정),비급여,18,세 이하,(주)인트로바이오파마,청소년
파마타다라필구강용해필름5밀리그램_(5mg/1장),비급여,18,세 미만,(주)한국파마,청소년
고든구강용해필름5mg(타다라필)_(5mg/1장),비급여,18,세 미만,(주)씨티씨바이오,청소년
그래서산20밀리그램(타다라필)_(20mg/1포),비급여,18,세 미만,안국약품(주),청소년
토르티정20밀리그램(타다라필)_(20mg/1정),비급여,18,세 미만,(주)인트로바이오파마,청소년
파워애정20밀리그램(타다라필)_(20mg/1정),비급여,18,세 미만,크리스탈생명과학(주),청소년
윕스정20밀리그램(타다라필)_(20mg/1정),비급여,18,세 미만,주식회사 더유제약,청소년
타다킴정20밀리그램(타다라필)_(20mg/1정),비급여,18,세 미만,(주)킴스제약,청소년
롱티메정20mg(타다라필)_(20mg/1정),비급여,18,세 미만,(주)한국파비스제약,청소년
시알라필정20mg(타다라필)_(20mg/1정),비급여,18,세 미만,(주)일화,청소년
타오르정20밀리그램(타다라필)_(20mg/1정),비급여,18,세 미만,(주)대웅제약,청소년
일양타다라필정20mg(타다라필)_(20mg/1정),비급여,18,세 미만,일양약품(주),청소년
오설램정20밀리그램(타다라필)_(20mg/1정),비급여,18,세 미만,(주)보령,청소년
아작스정20밀리그램(타다라필)_(20mg/1정),비급여,18,세 미만,현대약품(주),청소년
타다포스정20mg(타다라필)_(20mg/1정),비급여,18,세 미만,(주)유한양행,청소년
부광타다라필정20mg_(20mg/1정),비급여,18,세 미만,부광약품(주),청소년
일라정20mg(타다라필)_(20mg/1정),비급여,18,세 미만,영진약품(주),청소년
토네이드정20밀리그램(타다라필)_(20mg/1정),비급여,18,세 미만,일동제약(주),청소년
동성타다라필정20밀리그램_(20mg/1정),비급여,18,세 미만,동성제약(주),청소년
센돔정20밀리그램(타다라필)_(20mg/1정),비급여,18,세 미만,(주)종근당,청소년
구구정20밀리그램(타다라필)_(20mg/1정),비급여,18,세 미만,한미약품(주),청소년
구구츄정20밀리그램(타다라필)_(20mg/1정),비급여,18,세 미만,한미약품(주),청소년
빅토리스정20밀리그램(타다라필)_(20mg/1정),비급여,18,세 미만,국제약품(주),청소년
발그나필정20밀리그램(타다라필)_(20mg/1정),비급여,18,세 미만,제이더블유신약(주),청소년
조이롱정20밀리그램(타다라필)_(20mg/1정),비급여,18,세 미만,에이프로젠제약(주),청소년
하나롱정20밀리그램(타다라필)_(20mg/1정),비급여,18,세 미만,제일약품(주),청소년
세니트엔정20mg(타다라필)_(20mg/1정),비급여,18,세 미만,동광제약(주),청소년
해피롱정20밀리그램(타다라필)_(20mg/1정),비급여,18,세 미만,삼진제약(주),청소년
더포르테씨정20밀리그램(타다라필)_(20mg/1정),비급여,18,세 미만,경동제약(주),청소년
제대로필정20mg(타다라필)_(20mg/1정),비급여,18,세 미만,(주)씨엠지제약,청소년
케이론정20밀리그램(타다라필)_(20mg/1정),비급여,18,세 미만,풍림무약(주),청소년
시알정20밀리그램(타다라필)_(20mg/1정),비급여,18,세 미만,유니메드제약(주),청소년
프리시스정20밀리그램(타다라필)_(20mg/1정),비급여,18,세 미만,진양제약(주),청소년
타다프리정20밀리그램(타다라필)_(20mg/1정),비급여,18,세 미만,알보젠코리아(주),청소년
엠스트롱정20밀리그램(타다라필)_(20mg/1정),비급여,18,세 미만,동국제약(주),청소년
썬카정20밀리그램(타다라필)_(20mg/1정),비급여,18,세 미만,아주약품(주),청소년
롱맥스정20밀리그램(타다라필)_(20mg/1정),비급여,18,세 미만,케이엠에스제약(주),청소년
콘트라브서방정_(1정),비급여,18,세 이하,광동제약(주),청소년
콘트라브서방정_(1정),비급여,75,세 이상,광동제약(주),기타
인카인겔_(11mL),비급여,24,개월 미만,(주)퍼슨,영유아
인스틸라젤겔_(11mL),비급여,24,개월 미만,제일메딕스약품,영유아
원틸라겔_(6mL),비급여,24,개월 미만,동광제약(주),영유아
마이오가드점안액0.125%(아트로핀황산염)(1회용)_(0.5mg/0.4mL),비급여,4,세 미만,(주)라이트팜텍,소아
제피드정100밀리그램(아바나필)_(0.1g/1정),비급여,18,세 이하,제이더블유중외제약(주),청소년
제피드정200밀리그램(아바나필)_(0.2g/1정),비급여,18,세 이하,제이더블유중외제약(주),청소년
브리모텐점안액0.15%(브리모니딘타르타르산염)_(7.5mg/5mL),비급여,2,세 미만,한국산텐제약(주),영유아
루미파이점안액0.025%(브리모니딘타르타르산염)_(1.875mg/7.5mL),비급여,2,세 미만,(주)바슈헬스코리아,영유아
제일알지싹세티연질캡슐(세티리진염산염)_(10mg/1캡슐),비급여,6,세 미만,제일헬스사이언스(주),소아
아르쿨연질캡슐(세티리진염산염)_(10mg/1캡슐),비급여,6,세 미만,(주)마더스제약,소아
알지엔스피드연질캡슐10밀리그램(세티리진염산염)_(10mg/1캡슐),비급여,6,세 미만,(주)대웅제약,소아
시로제노연질캡슐(세티리진염산염)_(10mg/1캡슐),비급여,6,세 미만,현대약품(주),소아
플로리진연질캡슐(세티리진염산염)_(10mg/1캡슐),비급여,6,세 미만,동화약품(주),소아
세노바퀵연질캡슐(세티리진염산염)_(10mg/1캡슐),비급여,6,세 미만,일동제약(주),소아
알레르텍연질캡슐(세티리진염산염)_(10mg/1캡슐),비급여,6,세 미만,동성제약(주),소아
알러샷연질캡슐(세티리진염산염)_(10mg/1캡슐),비급여,6,세 미만,(주)녹십자,소아
스르텍연질캡슐10mg(세티리진염산염)_(10mg/1캡슐),비급여,6,세 미만,에스케이케미칼(주),소아
알앤샷연질캡슐(세티리진염산염)_(10mg/1캡슐),비급여,6,세 미만,동광제약(주),소아
휴러진연질캡슐(세티리진염산염)_(10mg/1캡슐),비급여,6,세 미만,진양제약(주),소아
아르텍연질캡슐10mg(세티리진염산염)_(10mg/1캡슐),비급여,6,세 미만,(주)알피바이오,소아
알러엔연질캡슐(세티리진염산염)_(10mg/1캡슐),비급여,6,세 미만,한국프라임제약(주),소아
알러캡연질캡슐(세티리진염산염)_(10mg/1캡슐),비급여,6,세 미만,일양바이오팜(주),소아
알진텍정(세티리진염산염)_(10mg/1정),비급여,6,세 미만,성이바이오(주),소아
알러팜정(세티리진염산염)_(10mg/1정),비급여,6,세 미만,(주)한국파비스제약,소아
리버골드파워350mg연질캡슐(밀크시슬열매건조엑스)_(0.35g/1캡슐),비급여,12,세 이하,(주)대웅제약,소아
펜디민정(펜디메트라진타르타르산염)_(35mg/1정),비급여,16,세 이하,구주제약(주),청소년
펜틴정(펜디메트라진타르타르산염)_(35mg/1정),비급여,16,세 이하,대한뉴팜(주),청소년
페티노정(펜디메트라진타르타르산염)_(35mg/1정),비급여,16,세 이하,(주)팜젠사이언스,청소년
펜디정(펜디메트라진타르타르산염)_(35mg/1정),비급여,16,세 이하,(주)휴온스,청소년
펜트라정(펜디메트라진타르타르산염)_(35mg/1정),비급여,16,세 이하,주식회사제뉴원사이언스,청소년
펜디라진정(펜디메트라진타르타르산염)_(35mg/1정),비급여,16,세 이하,대원제약(주),청소년
펜홀드정(펜디메트라진타르타르산염)_(35mg/1정),비급여,16,세 이하,(주)제뉴파마,청소년
푸링세미정(펜디메트라진타르타르산염)_(17.5mg/1정),비급여,16,세 이하,알보젠코리아(주),청소년
펜디세미정(펜디메트라진타르타르산염)_(17.5mg/1정),비급여,16,세 이하,(주)휴온스,청소년
판베시서방캡슐 30밀리그램(펜터민염산염)_(30mg/1캡슐),비급여,16,세 이하,부광약품(주),청소년
아트민정(펜터민염산염)_(37.5mg/1정),비급여,16,세 이하,(주)마더스제약,청소년
펜타지아정(펜터민염산염)_(37.5mg/1정),비급여,16,세 이하,(주)휴비스트제약,청소년
디에타민정(수출명:DIETOP)(염산펜터민)_(37.5mg/1정),비급여,16,세 이하,(주)대웅제약,청소년
디에타민정(펜터민염산염)_(37.5mg/1정),비급여,16,세 이하,(주)대웅제약,청소년
아디펙스정(펜터민염산염)_(37.5mg/1정),비급여,16,세 이하,광동제약(주),청소년
펜타인정(펜터민염산염)_(37.5mg/1정),비급여,16,세 이하,일동제약(주),청소년
펜트민정(펜터민염산염)_(37.5mg/1정),비급여,16,세 이하,(주)바이넥스,청소년
펜터미정(펜터민염산염)_(37.5mg/1정),비급여,16,세 이하,제이더블유신약(주),청소년
씬스펜정(펜터민염산염)_(37.5mg/1정),비급여,16,세 이하,조아제약(주),청소년
페니민정(펜터민염산염)_(37.5mg/1정),비급여,16,세 이하,태극제약(주),청소년
틴틴정(펜터민염산염)_(37.5mg/1정),비급여,16,세 이하,에이프로젠제약(주),청소년
대화노브제정(펜터민염산염)_(37.5mg/1정),비급여,16,세 이하,대화제약(주),청소년
슬레민정(펜터민염산염)_(37.5mg/1정),비급여,16,세 이하,(주)메디카코리아,청소년
펜민정(펜터민염산염)_(37.5mg/1정),비급여,16,세 이하,영일제약(주),청소년
로우칼정(펜터민염산염)_(37.5mg/1정),비급여,16,세 이하,유니메드제약(주),청소년
레디펜정(펜터민염산염)_(37.5mg/1정),비급여,16,세 이하,명문제약(주),청소년
페딘정(펜터민염산염)_(37.5mg/1정),비급여,16,세 이하,명인제약(주),청소년
브이그라정50밀리그램(실데나필시트르산염)_(70.225mg/1정),비급여,18,세 이하,㈜비보존제약,청소년
자이리스정20mg(타다라필)_(20mg/1정),비급여,18,세 미만,(주)동구바이오제약,청소년
제이케이(JK)정20밀리그램(타다라필)_(20mg/1정),비급여,18,세 미만,하나제약(주),청소년
헤로스정20mg(타다라필)_(20mg/1정),비급여,18,세 미만,(주)비보존제약,청소년
타라정20밀리그램(타다라필)_(20mg/1정),비급여,18,세 미만,(주)알피바이오,청소년
푸로리스정20mg(타다라필)_(20mg/1정),비급여,18,세 미만,영풍제약(주),청소년
일나스정20밀리그램(타다라필)_(20mg/1정),비급여,18,세 미만,(주)넥스팜코리아,청소년
시아놀정20밀리그램(타다라필)_(20mg/1정),비급여,18,세 미만,성원애드콕제약(주),청소년
고든정20mg(타다라필)_(20mg/1정),비급여,18,세 미만,(주)씨티씨바이오,청소년
이팔정20mg(타다라필)_(20mg/1정),비급여,18,세 미만,(주)휴온스,청소년
시알리스정20밀리그램(타다라필)_(20mg/1정),비급여,18,세 미만,한국릴리(유),청소년
카마라필정20밀리그램(타다라필)_(20mg/1정),비급여,18,세 미만,주식회사제뉴원사이언스,청소년
시알롱기정20mg(타다라필)_(20mg/1정),비급여,18,세 미만,대원제약(주),청소년
타올라스정20밀리그램(타다라필)_(20mg/1정),비급여,18,세 미만,(주)셀트리온제약,청소년
시알탐정20밀리그램(타다라필)_(20mg/1정),비급여,18,세 미만,대웅바이오(주),청소년
윕스구강용해필름20밀리그램(타다라필)_(20mg/1장),비급여,18,세 미만,주식회사 더유제약,청소년
센트립구강용해필름20mg(타다라필)_(20mg/1장),비급여,18,세 미만,(주)씨엘팜,청소년
타다필구강용해필름20밀리그램(타다라필)_(20mg/1장),비급여,18,세 미만,(주)휴비스트제약,청소년
타오르구강붕해필름20밀리그램(타다라필)_(20mg/1장),비급여,18,세 미만,(주)대웅제약,청소년
타다롱구강용해필름20밀리그램(타다라필)_(20mg/1장),비급여,18,세 미만,광동제약(주),청소년
센돔구강용해필름20밀리그램(타다라필)_(20mg/1장),비급여,18,세 미만,(주)종근당,청소년
이렉시멈구강용해필름20밀리그램(타다라필)_(20mg/1장),비급여,18,세 미만,삼일제약(주),청소년
일라정5mg(타다라필)_(5mg/1정),비급여,18,세 미만,영진약품(주),청소년
제대로필구강용해필름5밀리그램(타다라필)_(5mg/1장),비급여,18,세 미만,(주)씨엠지제약,청소년
설레구강용해필름20밀리그램(타다라필)_(20mg/1장),비급여,18,세 미만,대화제약(주),청소년
세니트엔구강용해필름20mg(타다라필)_(20mg/1장),비급여,18,세 미만,동광제약(주),청소년
제대로필구강용해필름20밀리그램(타다라필)_(20mg/1장),비급여,18,세 미만,(주)씨엠지제약,청소년
뉴씨그라구강용해필름20mg(타다라필)_(20mg/1장),비급여,18,세 미만,한국휴텍스제약(주),청소년
불티움구강붕해필름20밀리그램(타다라필)_(20mg/1장),비급여,18,세 미만,(주)서울제약,청소년
파마타다라필구강용해필름20밀리그램_(20mg/1장),비급여,18,세 미만,(주)한국파마,청소년
자이리스구강붕해필름20mg(타다라필)_(20mg/1장),비급여,18,세 미만,(주)동구바이오제약,청소년
오굳구강용해필름20mg(타다라필) _(20mg/1장),비급여,18,세 미만,미래바이오제약㈜,청소년
제이케이(JK)구강용해필름20밀리그램(타다라필)_(20mg/1장),비급여,18,세 미만,하나제약(주),청소년
위더굿구강붕해필름20밀리그램(타다라필)_(20mg/1장),비급여,18,세 미만,위더스제약(주),청소년
고든구강용해필름20mg(타다라필)_(20mg/1장),비급여,18,세 미만,(주)씨티씨바이오,청소년
시아라필구강용해필름20밀리그램(타다라필)_(20mg/1장),비급여,18,세 미만,(주)아이월드제약,청소년
유한세티리진정(세티리진염산염)_(10mg/1정),비급여,6,세 미만,(주)유한양행,소아
씨즈날정(세티리진염산염)_(10mg/1정),비급여,6,세 미만,(주)녹십자,소아
세티스정(세티리진염산염)_(10mg/1정),비급여,6,세 미만,한솔신약(주),소아
세리노즈정(세티리진염산염)_(10mg/1정),비급여,6,세 미만,에이치엘비제약(주),소아
알로텍정(세티리진염산염)_(10mg/1정),비급여,6,세 미만,경남제약(주),소아
"파마염산세티리진정(수출명:세르텍정,와이케이피세르텍정)_(10mg/1정)",비급여,6,세 미만,(주)한국파마,소아
테바올란자핀정10밀리그램_(10mg/1정),급여,13,세 미만,(주)한독테바,청소년
에이프렉사정10밀리그램(올란자핀)_(10mg/1정),급여,13,세 미만,에이치케이이노엔(주),청소년
자이프렉사정10밀리그램(올란자핀)_(10mg/1정),급여,13,세 미만,(주)보령,청소년
자이프렉사정10밀리그램(올란자핀)_(10mg/1정),급여,13,세 미만,(주)보령,청소년
올라핀정10밀리그램(올란자핀)_(10mg/1정),급여,13,세 미만,현대약품(주),청소년
영진올란자핀정10밀리그램_(10mg/1정),급여,13,세 미만,영진약품(주),청소년
올자핀정10밀리그램(올란자핀)_(10mg/1정),급여,13,세 미만,동화약품(주),청소년
자이자핀정10mg(올란자핀)_(10mg/1정),급여,13,세 미만,한림제약(주),청소년
뉴로자핀정10밀리그램(올란자핀)_(10mg/1정),급여,13,세 미만,명인제약(주),청소년
올자펙스정10밀리그램(올란자핀)_(10mg/1정),급여,13,세 미만,(주)한국파마,청소년
자이레핀정10밀리그램(올란자핀)_(10mg/1정),급여,13,세 미만,환인제약(주),청소년
산도스올란자핀정10밀리그램_(10mg/1정),급여,13,세 미만,한국산도스(주),청소년
피엠에스올란자핀정10밀리그램(올란자핀)_(10mg/1정),급여,13,세 미만,(주)제뉴파마,청소년
자이피스오디정 10밀리그램(올란자핀)_(10mg/1정),급여,13,세 미만,고려제약(주),청소년
자이프렉사자이디스확산정10밀리그램(미세올란자핀)_(10mg/1정),급여,13,세 미만,한국릴리(유),청소년
리버플로우연질캡슐(밀크시슬열매건조엑스)_(0.35g/1캡슐),비급여,12,세 이하,경방신약(주),소아
웰트민정(펜터민염산염)_(37.5mg/1정),비급여,16,세 이하,(주)서울제약,청소년
비엠진정(펜터민염산염)_(37.5mg/1정),비급여,16,세 이하,(주)한국비엠아이,청소년
레티스정(펜터민염산염)_(37.5mg/1정),비급여,16,세 이하,(주)비보존제약,청소년
펜더정(펜터민염산염)_(37.5mg/1정),비급여,16,세 이하,한국프라임제약(주),청소년
메타맥스정(펜터민염산염)_(37.5mg/1정),비급여,16,세 이하,구주제약(주),청소년
페스틴정(펜터민염산염)_(37.5mg/1정),비급여,16,세 이하,대한뉴팜(주),청소년
로페트정(펜터민염산염)_(37.5mg/1정),비급여,16,세 이하,(주)팜젠사이언스,청소년
휴터민정(펜터민염산염)_(37.5mg/1정),비급여,16,세 이하,(주)휴온스,청소년
케이터민정(펜터민염산염)_(37.5mg/1정),비급여,16,세 이하,주식회사제뉴원사이언스,청소년
펜키니정(펜터민염산염)_(37.5mg/1정),비급여,16,세 이하,대원제약(주),청소년
비터펜정(펜터민염산염)_(37.5mg/1정),비급여,16,세 이하,(주)제뉴파마,청소년
아디펙스정18.75mg(펜터민염산염)_(18.75mg/1정),비급여,16,세 이하,광동제약(주),청소년
펜터미세미정(펜터민염산염)_(18.75mg/1정),비급여,16,세 이하,제이더블유중외신약(주),청소년
푸리민정18.75밀리그램(펜터민염산염)_(18.75mg/1정),비급여,16,세 이하,알보젠코리아(주),청소년
피티엠정(펜터민염산염)_(18.75mg/1정),비급여,16,세 이하,대한뉴팜(주),청소년
휴터민세미정(펜터민염산염)_(18.75mg/1정),비급여,16,세 이하,(주)휴온스,청소년
유니세탐주(피라세탐)(수출명:UNAPIRAN Inj)_(1g/5mL),비급여,16,세 미만,한국유니온제약(주),청소년
헬렌주20mg(피록시캄)_(20mg/1mL),비급여,4,주 미만,대한뉴팜(주),소아
헬렌주20mg(피록시캄)_(20mg/1mL),비급여,80,세 이상,대한뉴팜(주),기타
포타캄주(피록시캄칼륨)_(22.3mg/1mL),비급여,4,주 미만,대한뉴팜(주),소아
포타캄주(피록시캄칼륨)_(22.3mg/1mL),비급여,80,세 이상,대한뉴팜(주),기타
카리트과립(폴리스티렌설폰산칼슘)_(5g/5.352g),비급여,1,개월 미만,(주)시어스제약,영유아
포폴주사(프로포폴)(바이알)_(80mg/8mL),비급여,36,개월 미만,동국제약(주),영유아
프레조폴엠시티1%주(프로포폴)(앰플)_(0.1g/10mL),비급여,36,개월 미만,프레지니우스카비코리아(주),영유아
스타라필구강용해필름20밀리그램(타다라필)_(20mg/1매),비급여,18,세 미만,(주)팜젠사이언스,청소년
포드림정20mg(타다라필)_(20mg/1정),비급여,18,세 미만,한올바이오파마(주),청소년
카다라필구강붕해필름20밀리그램(타다라필)_(20mg/1장),비급여,18,세 미만,주식회사큐엘파마,청소년
카사미나구강용해필름20밀리그램(타다라필)_(20mg/1장),비급여,18,세 미만,(주)라이트팜텍,청소년
그래서산10밀리그램(타다라필)_(10mg/1포),비급여,18,세 미만,안국약품(주),청소년
토르티정10밀리그램(타다라필)_(10mg/1정),비급여,18,세 미만,(주)인트로바이오파마,청소년
윕스정10밀리그램(타다라필)_(10mg/1정),비급여,18,세 미만,주식회사 더유제약,청소년
타다킴정10밀리그램(타다라필)_(10mg/1정),비급여,18,세 미만,(주)킴스제약,청소년
타오르정10밀리그램(타다라필)_(10mg/1정),비급여,18,세 미만,(주)대웅제약,청소년
오설램정10밀리그램(타다라필)_(10mg/1정),비급여,18,세 미만,(주)보령,청소년
타다포스정10mg(타다라필)_(10mg/1정),비급여,18,세 미만,(주)유한양행,청소년
토네이드정10밀리그램(타다라필)_(10mg/1정),비급여,18,세 미만,일동제약(주),청소년
센돔정10밀리그램(타다라필)_(10mg/1정),비급여,18,세 미만,(주)종근당,청소년
구구정10밀리그램(타다라필)_(10mg/1정),비급여,18,세 미만,한미약품(주),청소년
구구츄정10밀리그램(타다라필)_(10mg/1정),비급여,18,세 미만,한미약품(주),청소년
발그나필정10밀리그램(타다라필)_(10mg/1정),비급여,18,세 미만,제이더블유신약(주),청소년
해피롱정10밀리그램(타다라필)_(10mg/1정),비급여,18,세 미만,삼진제약(주),청소년
롱맥스정10밀리그램(타다라필)_(10mg/1정),비급여,18,세 미만,케이엠에스제약(주),청소년
제이케이(JK)정10밀리그램(타다라필)_(10mg/1정),비급여,18,세 미만,하나제약(주),청소년
헤로스정10mg(타다라필)_(10mg/1정),비급여,18,세 미만,(주)비보존제약,청소년
고든정10mg(타다라필)_(10mg/1정),비급여,18,세 미만,(주)씨티씨바이오,청소년
시알리스정10밀리그램(타다라필)_(10mg/1정),비급여,18,세 미만,한국릴리(유),청소년
시알롱기정10mg(타다라필)_(10mg/1정),비급여,18,세 미만,대원제약(주),청소년
시알탐정10밀리그램(타다라필)_(10mg/1정),비급여,18,세 미만,대웅바이오(주),청소년
카라마필정10밀리그램(타다라필)_(10mg/1정),비급여,18,세 미만,(주)제뉴파마,청소년
윕스구강용해필름10밀리그램(타다라필)_(10mg/1장),비급여,18,세 미만,주식회사 더유제약,청소년
센트립구강용해필름10mg(타다라필)_(10mg/1장),비급여,18,세 미만,(주)씨엘팜,청소년
타오르구강붕해필름10밀리그램(타다라필)_(10mg/1장),비급여,18,세 미만,(주)대웅제약,청소년
타다롱구강용해필름10밀리그램(타다라필)_(10mg/1장),비급여,18,세 미만,광동제약(주),청소년
타오롱구강붕해필름20밀리그램(타다라필)_(20mg/1장),비급여,18,세 미만,코오롱제약(주),청소년
시알롱기구강용해필름20mg(타다라필)_(20mg/1정),비급여,18,세 미만,대원제약(주),청소년
센돔구강용해필름10밀리그램(타다라필)_(10mg/1장),비급여,18,세 미만,(주)종근당,청소년
설레구강용해필름10밀리그램(타다라필)_(10mg/1장),비급여,18,세 미만,대화제약(주),청소년
세니트엔구강용해필름10mg(타다라필)_(10mg/1장),비급여,18,세 미만,동광제약(주),청소년
제대로필구강용해필름10밀리그램(타다라필)_(10mg/1장),비급여,18,세 미만,(주)씨엠지제약,청소년
불티움구강붕해필름10밀리그램(타다라필)_(10mg/1장),비급여,18,세 미만,(주)서울제약,청소년
테바올란자핀정5밀리그램_(5mg/1정),급여,13,세 미만,(주)한독테바,청소년
에이프렉사정5밀리그램(올란자핀)_(5mg/1정),급여,13,세 미만,에이치케이이노엔(주),청소년
자이프렉사정5밀리그램(올란자핀)_(5mg/1정),급여,13,세 미만,(주)보령,청소년
트리돌캡슐(트라마돌염산염)_(50mg/1캡슐),급여,12,세 미만,(주)유한양행,소아
트로돈캅셀(트라마돌염산염)[수출명:트로돈포르트캅셀(트라마돌염산염)]_(50mg/1캡슐),급여,12,세 미만,아주약품(주),소아
지판캡슐(트리마돌염산염)_(50mg/1캡슐),급여,12,세 미만,일성신약(주),소아
트리돌솔루블정50mg(트라마돌염산염)_(50mg/1정),급여,12,세 미만,(주)유한양행,소아
지트람씨알서방정75밀리그램(트라마돌염산염)_(75mg/1정),급여,12,세 미만,한국먼디파마유한회사,소아
케이에스트라마돌염산염주_(50mg/1mL),급여,12,세 미만,주식회사케이에스제약,소아
화이트트라마주(트라마돌염산염)_(50mg/1mL),급여,12,세 미만,(주)화이트생명과학,소아
오스마돌주(트라마돌염산염)_(50mg/1mL),급여,12,세 미만,(주)오스코리아제약,소아
지트라돌주50밀리그램(트라마돌염산염)_(50mg/1mL),급여,12,세 미만,(주)일화,소아
트리돌주50밀리그램(트라마돌염산염)_(50mg/1mL),급여,12,세 미만,(주)유한양행,소아
도란찐주50밀리그람(트라마돌염산염)_(50mg/1mL),급여,12,세 미만,삼성제약(주),소아
트롤주(트라마돌염산염)_(50mg/1mL),급여,12,세 미만,대한약품공업(주),소아
타마돌주사(트라마돌염산염)_(50mg/1mL),급여,12,세 미만,동광제약(주),소아
경동캄펙스주50밀리그램(트라마돌염산염)_(50mg/1mL),급여,12,세 미만,경동제약(주),소아
페니마돌주50밀리그램(트라마돌염산염)_(50mg/1mL),급여,12,세 미만,(주)유영제약,소아
신풍트라마돌염산염주(수출명: TRADOL-Injection)_(50mg/1mL),급여,12,세 미만,신풍제약(주),소아
트라콤파주(트라마돌염산염)_(50mg/1mL),급여,12,세 미만,영일제약(주),소아
마리트롤주(트라마돌염산염)_(50mg/1mL),급여,12,세 미만,(주)제일제약,소아
트로돈주사(트라마돌염산염)_(50mg/1mL),급여,12,세 미만,아주약품(주),소아
지판주사50밀리그램(트라마돌염산염)_(50mg/1mL),급여,12,세 미만,일성신약(주),소아
한올트라마돌염산염주_(50mg/1mL),급여,12,세 미만,한올바이오파마(주),소아
돌마주사(트라마돌염산염)_(50mg/1mL),급여,12,세 미만,미래바이오제약(주),소아
포폴주사(프로포폴)(앰플)_(0.15g/15mL),비급여,36,개월 미만,동국제약(주),영유아
프로바이브주1%(프로포폴)(PROVIVE1%(propofol))_(0.15g/15mL),비급여,36,개월 미만,㈜한국팜비오,영유아
포폴주사(프로포폴)(바이알)_(0.2g/20mL),비급여,36,개월 미만,동국제약(주),영유아
프로바이브주1%(프로포폴)(PROVIVE1%(propofol))_(0.2g/20mL),비급여,36,개월 미만,㈜한국팜비오,영유아
비.브라운 프로포폴-리푸로1%주_(0.2g/20mL),비급여,36,개월 미만,비브라운코리아(주),영유아
프레조폴엠시티프리필드주1%(프로포폴)_(0.5g/50mL),비급여,36,개월 미만,프레지니우스카비코리아(주),영유아
프로바이브주1%(프로포폴)(PROVIVE1%(propofol))_(0.5g/50mL),비급여,36,개월 미만,㈜한국팜비오,영유아
포폴주사(프로포폴)(바이알)_(1g/100mL),비급여,36,개월 미만,동국제약(주),영유아
프레조폴엠시티프리필드주2%(프로포폴)_(1g/50mL),비급여,36,개월 미만,프레지니우스카비코리아(주),영유아
아네폴주사(프로포폴)_(0.18g/18mL),비급여,36,개월 미만,하나제약(주),영유아
하이드라섹산30mg(라세카도트릴)_(30mg/1포),비급여,3,개월 미만,한국애보트(유),영유아
하이드라섹산10mg(라세카도트릴)_(10mg/1포),비급여,3,개월 미만,한국애보트(유),영유아
세리비아세립50밀리그램(실데나필)_(50mg/1포),비급여,18,세 이하,건일제약(주),청소년
네오비아세립50밀리그램(실데나필)_(50mg/1포),비급여,18,세 이하,코오롱제약(주),청소년
팔팔츄정50밀리그램(실데나필)_(50mg/1정),비급여,18,세 이하,한미약품(주),청소년
포르테라구강용해필름50밀리그램(실데나필)_(50mg/1장),비급여,18,세 이하,제일약품(주),청소년
프리야구강용해필름50밀리그램(실데나필)_(50mg/1장),비급여,18,세 이하,알보젠코리아(주),청소년
엠슈타인구강용해필름50밀리그램(실데나필)_(50mg/1장),비급여,18,세 이하,동국제약(주),청소년
샤젠캡슐(니푸록사지드)_(0.2g/1캡슐),비급여,1,개월 미만,태극제약(주),영유아
프로바이브주1%(프로포폴)(PROVIVE1%(propofol))_(0.12g/12mL),비급여,36,개월 미만,㈜한국팜비오,영유아
플리즈구강용해필름50밀리그램(실데나필)_(50mg/1장),비급여,18,세 이하,(주)씨티씨바이오,청소년
프리스틴구강용해필름50밀리그램(실데나필)_(50mg/1장),비급여,18,세 이하,(주)휴온스,청소년
파마타다라필구강용해필름10밀리그램_(10mg/1장),비급여,18,세 미만,(주)한국파마,청소년
제이케이(JK)구강용해필름10밀리그램(타다라필)_(10mg/1장),비급여,18,세 미만,하나제약(주),청소년
위더굿구강붕해필름10밀리그램(타다라필)_(10mg/1장),비급여,18,세 미만,위더스제약(주),청소년
고든구강용해필름10mg(타다라필)_(10mg/1장),비급여,18,세 미만,(주)씨티씨바이오,청소년
타오롱구강붕해필름10밀리그램(타다라필)_(10mg/1장),비급여,18,세 미만,코오롱제약(주),청소년
시알롱기구강용해필름10mg(타다라필)_(10mg/1정),비급여,18,세 미만,대원제약(주),청소년
카다라필구강붕해필름10밀리그램(타다라필)_(10mg/1장),비급여,18,세 미만,주식회사큐엘파마,청소년
카사미나구강용해필름10밀리그램(타다라필)_(10mg/1장),비급여,18,세 미만,(주)라이트팜텍,청소년
삼성타우로리딘주_(5g/250mL),비급여,6,세 미만,삼성제약(주),소아
삼진타우로린주사2%(타우로리딘)_(5g/250mL),비급여,6,세 미만,삼진제약(주),소아
삼진타우로린주사2%(타우로리딘)_(2g/100mL),비급여,6,세 미만,삼진제약(주),소아
본시티펜주(테리파라타이드)_(0.6mg/2.4mL),비급여,18,세 미만,(주)한국팜비오,청소년
테리아주56.5마이크로그램(테리파라타이드아세트산염)_(60.6μg/1병),비급여,18,세 미만,(주)한국비엠아이,청소년
펜믹스타이제사이클린주_(50mg/1병),비급여,8,세 이하,(주)펜믹스,소아
토피메드정100밀리그램(토피라메이트)_(0.1g/1정),비급여,2,세 미만,(주)인트로바이오파마,영유아
토파엠정100밀리그램(토피라메이트)_(0.1g/1정),비급여,2,세 미만,엔비케이제약(주),영유아
토피라윈정100밀리그램(토피라메이트)_(0.1g/1정),비급여,2,세 미만,코스맥스파마(주),영유아
토피락정100밀리그램(토피라메이트)_(0.1g/1정),비급여,2,세 미만,주식회사 더유제약,영유아
토피에이정(토피라메이트)_(0.1mg/1정),비급여,2,세 미만,성이바이오(주),영유아
토피렌티정100밀리그램(토피라메이트)_(0.1g/1정),비급여,2,세 미만,한국신텍스제약(주),영유아
토파씬정(토피라메이트)_(0.1g/1정),비급여,2,세 미만,(주)바이넥스,영유아
폰다미스정100밀리그램(토피라메이트)_(0.1g/1정),비급여,2,세 미만,제이더블유신약(주),영유아
토맥정(토피라메이트)_(0.1g/1정),비급여,2,세 미만,조아제약(주),영유아
토핀정100밀리그램(토피라메이트)_(0.1g/1정),비급여,2,세 미만,태극제약(주),영유아
토파메트정100밀리그램(토피라메이트)_(0.1g/1정),비급여,2,세 미만,(주)메디카코리아,영유아
토피탑정100밀리그램(토피라메이트)_(0.1g/1정),비급여,2,세 미만,에이치엘비제약(주),영유아
토라펜정100밀리그램(토피라메이트)_(0.1g/1정),비급여,2,세 미만,(주)씨엠지제약,영유아
토라메이트정(토피라메이트)_(0.1g/1정),비급여,2,세 미만,(주)알피바이오,영유아
토피스정100밀리그램(토피라메이트)_(0.1g/1정),비급여,2,세 미만,영풍제약(주),영유아
토피트정(토피라메이트)_(0.1g/1정),비급여,2,세 미만,대한뉴팜(주),영유아
토라맥정(토피라메이트)_(0.1g/1정),비급여,2,세 미만,(주)팜젠사이언스,영유아
트라주50mg/mL(트라마돌염산염)_(50mg/1mL),급여,12,세 미만,하나제약(주),소아
케이마돌주(트라마돌염산염)_(50mg/1mL),급여,12,세 미만,(주)경보제약,소아
"라트롤주(트라마돌염산염)(수출명:Union Tramadol Inj., AMADOL INJ. Tramadex Inj.)_(50mg/1mL)",급여,12,세 미만,한국유니온제약(주),소아
네오마돌주50mg(트라마돌염산염)_(50mg/1mL),급여,12,세 미만,구주제약(주),소아
인스틸라젤겔_(6mL),비급여,24,개월 미만,제일메딕스약품,영유아
인카인겔_(6mL),비급여,24,개월 미만,(주)퍼슨,영유아
게보린정(수출명:돌로린정)_(1정),비급여,15,세 미만,삼진제약(주),청소년
사리돈에이정_(1정),비급여,15,세 미만,바이엘코리아(주),청소년
롱엠씨크림_(5g),비급여,3,개월 이하,주식회사 더유제약,영유아
리프릴크림_(5g),비급여,3,개월 이하,동성제약(주),영유아
아네스크림_(5g),비급여,3,개월 이하,태극제약(주),영유아
펜카인크림_(5g),비급여,3,개월 이하,동광제약(주),영유아
엠라5%크림_(5g),비급여,3,개월 이하,미쓰비시다나베파마코리아주식회사,영유아
로우페인크림_(100g),비급여,3,개월 이하,(주)바이넥스,영유아
아네스크림_(100g),비급여,3,개월 이하,태극제약(주),영유아
프카인크림_(100g),비급여,3,개월 이하,(주)휴온스,영유아
엔카인크림_(100g),비급여,3,개월 이하,주식회사제뉴원사이언스,영유아
레이카인크림_(450g),비급여,3,개월 이하,(주)텔콘알에프제약,영유아
엠투카인크림_(450g),비급여,3,개월 이하,맥널티제약(주),영유아
레스카인크림_(450g),비급여,3,개월 이하,삼성제약(주),영유아
로우페인크림_(450g),비급여,3,개월 이하,(주)바이넥스,영유아
리프릴크림_(450g),비급여,3,개월 이하,동성제약(주),영유아
아네스크림_(450g),비급여,3,개월 이하,태극제약(주),영유아
펜디멘정(펜디메트라진타르타르산염)_(35mg/1정),비급여,16,세 이하,한국프라임제약(주),청소년
팔팔츄정100밀리그램(실데나필)_(0.1g/1정),비급여,18,세 이하,한미약품(주),청소년
엠슈타인구강용해필름100밀리그램(실데나필)_(0.1g/1장),비급여,18,세 이하,동국제약(주),청소년
플리즈구강용해필름100밀리그램(실데나필)_(0.1g/1장),비급여,18,세 이하,(주)씨티씨바이오,청소년
팔팔츄정25밀리그램(실데나필)_(25mg/1정),비급여,18,세 이하,한미약품(주),청소년
토르에스정100밀리그램(실데나필시트르산염)_(0.14045g/1정),비급여,18,세 이하,(주)인트로바이오파마,청소년
올앳스정100밀리그램(실데나필시트르산염)_(0.14045g/1정),비급여,18,세 이하,주식회사 더유제약,청소년
다나그라정100밀리그램(실데나필시트르산염)_(0.1g/1정),비급여,18,세 이하,주식회사다나젠,청소년
실데나킴정100밀리그램(실데나필시트르산염)_(0.14045g/1정),비급여,18,세 이하,(주)킴스제약,청소년
비아그라정100밀리그람(실데나필시트르산염)_(0.14045g/1정),비급여,18,세 이하,비아트리스코리아(주),청소년
누리그라정100밀리그램(실데나필시트르산염)_(0.14045g/1정),비급여,18,세 이하,(주)대웅제약,청소년
누리그라츄정100밀리그램(실데나필시트르산염)_(0.14045g/1정),비급여,18,세 이하,(주)대웅제약,청소년
일양실데나필정100밀리그램_(0.14045g/1정),비급여,18,세 이하,일양약품(주),청소년
오바램정100밀리그램(실데나필시트르산염)_(140.45mg/1정),비급여,18,세 이하,(주)보령,청소년
이디포스정100밀리그램(실데나필시트르산염)_(0.14045g/1정),비급여,18,세 이하,(주)유한양행,청소년
부광실데나필정100밀리그램_(0.14045g/1정),비급여,18,세 이하,부광약품(주),청소년
비야정100mg(실데나필시트르산염)_(0.14045g/1정),비급여,18,세 이하,동성제약(주),청소년
센글라정100밀리그램(실데나필시트르산염)_(0.14045g/1정),비급여,18,세 이하,(주)종근당,청소년
팔팔정100밀리그램(실데나필시트르산염)_(0.14045g/1정),비급여,18,세 이하,한미약품(주),청소년
맥시그라정100밀리그램(실데나필시트르산염)_(0.14045g/1정),비급여,18,세 이하,국제약품(주),청소년
발탁스정100mg(실데나필시트르산염)_(0.14045g/1정),비급여,18,세 이하,삼익제약(주),청소년
발그리아정100밀리그램(실데나필시트르산염)_(0.14045g/1정),비급여,18,세 이하,제이더블유신약(주),청소년
아네르츄정100밀리그램(실데나필시트르산염)_(0.14045g/1정),비급여,18,세 이하,한국유나이티드제약(주),청소년
바미라크정100밀리그램(실데나필시트르산염)_(0.14045g/1정),비급여,18,세 이하,대화제약(주),청소년
데나그라정100mg(실데나필시트르산염)_(0.14045g/1정),비급여,18,세 이하,동광제약(주),청소년
해피그라정100밀리그램(실데나필시트르산염)_(0.14045g/1정),비급여,18,세 이하,삼진제약(주),청소년
포르테브이정100밀리그램(실데나필시트르산염)_(0.14045g/1정),비급여,18,세 이하,경동제약(주),청소년
토피메정100밀리그램(토피라메이트)_(0.1g/1정),비급여,2,세 미만,(주)휴온스메디텍,영유아
토피라이정100밀리그램(토피라메이트)_(0.1g/1정),비급여,2,세 미만,화일약품(주),영유아
토피렌정100밀리그램(토피라메이트)_(0.1g/1정),비급여,2,세 미만,(주)라이트팜텍,영유아
토피메드정(토피라메이트)_(25mg/1정),비급여,2,세 미만,(주)인트로바이오파마,영유아
토파엠정25밀리그램(토피라메이트)_(25mg/1정),비급여,2,세 미만,엔비케이제약(주),영유아
토피라윈정25밀리그램(토피라메이트)_(25mg/1정),비급여,2,세 미만,코스맥스파마(주),영유아
토피메트정(토피라메이트)_(25mg/1정),비급여,2,세 미만,(주)엘앤씨바이오,영유아
토피에이정25밀리그램(토피라메이트)_(25mg/1정),비급여,2,세 미만,성이바이오(주),영유아
큐피라정(토피라메이트)_(25mg/1정),비급여,2,세 미만,주식회사 노바엠헬스케어,영유아
토피렌티정25밀리그램(토피라메이트)_(25mg/1정),비급여,2,세 미만,한국신텍스제약(주),영유아
토파로스정25밀리그램(토피라메이트)_(25mg/1정),비급여,2,세 미만,(주)휴비스트제약,영유아
토피버정25밀리그램(토피라메이트)_(25mg/1정),비급여,2,세 미만,(주)일화,영유아
토파씬정25밀리그램(토피라메이트)_(25mg/1정),비급여,2,세 미만,(주)바이넥스,영유아
폰다미스정25밀리그램(토피라메이트)_(25mg/1정),비급여,2,세 미만,제이더블유신약(주),영유아
토맥정 25밀리그램(토피라메이트)_(25mg/1정),비급여,2,세 미만,조아제약(주),영유아
토핀스정25밀리그램(토피라메이트)_(25mg/1정),비급여,2,세 미만,태극제약(주),영유아
토프라맥정25밀리그램(토피라메이트)_(25mg/1정),비급여,2,세 미만,에이프로젠제약(주),영유아
토피탑정25밀리그램(토피라메이트)_(25mg/1정),비급여,2,세 미만,에이치엘비제약(주),영유아
토라펜정(토피라메이트)_(25mg/1정),비급여,2,세 미만,(주)씨엠지제약,영유아
토파드정25밀리그램(토피라메이트)_(25mg/1정),비급여,2,세 미만,(주)서울제약,영유아
토파맥정25밀리그램(토피라메이트)_(25mg/1정),비급여,2,세 미만,(주)바스칸바이오제약,영유아
토라피정25밀리그램(토피라메이트)_(25mg/1정),비급여,2,세 미만,익수제약(주),영유아
토라메이트정25mg(토피라메이트)_(25mg/1정),비급여,2,세 미만,(주)알피바이오,영유아
토피스정25밀리그램(토피라메이트)_(25mg/1정),비급여,2,세 미만,영풍제약(주),영유아
토피린정25밀리그램(토피라메이트)_(25mg/1정),비급여,2,세 미만,한국프라임제약(주),영유아
제스터정25밀리그램(토피라메이트)_(25mg/1정),비급여,2,세 미만,(주)아이월드제약,영유아
토펙스정25밀리그람(토피라메이트)_(25mg/1정),비급여,2,세 미만,구주제약(주),영유아
토핀정25밀리그램(토피라메이트)_(25mg/1정),비급여,2,세 미만,대한뉴팜(주),영유아
토라맥정25mg(토피라메이트)_(25mg/1정),비급여,2,세 미만,(주)팜젠사이언스,영유아
토피메정25밀리그램(토피라메이트)_(25mg/1정),비급여,2,세 미만,(주)휴온스메디텍,영유아
토파케이정25mg(토피라메이트)_(25mg/1정),비급여,2,세 미만,주식회사제뉴원사이언스,영유아
프리오칸5%크림_(450g),비급여,3,개월 이하,대화제약(주),영유아
아나신크림_(450g),비급여,3,개월 이하,시믹씨엠오코리아주식회사,영유아
마마신골드크림_(450g),비급여,3,개월 이하,(주)씨엠지제약,영유아
엠카인크림_(450g),비급여,3,개월 이하,알파제약(주),영유아
세진정(세티리진염산염)_(10mg/1정),비급여,6,세 미만,(주)동구바이오제약,소아
노텍정(세티리진염산염)_(10mg/1정),비급여,6,세 미만,미래바이오제약㈜,소아
세레지아정(세티리진염산염)_(10mg/1정),비급여,6,세 미만,주식회사제뉴원사이언스,소아
알지텍정(세티리진염산염)_(10mg/1정),비급여,6,세 미만,정우신약(주),소아
세노바액(세티리진염산염)_(0.5g/500mL),비급여,2,세 미만,일동제약(주),영유아
쥬르택액(세티리진염산염)_(10mg/10mL),비급여,2,세 미만,조아제약(주),영유아
지르세틴액(세티리진염산염)_(10mg/10mL),비급여,2,세 미만,태극제약(주),영유아
세노바액(세티리진염산염)_(60mg/60mL),비급여,2,세 미만,일동제약(주),영유아
플러스디정(콜레칼시페롤농축분말)_(10mg/1정),비급여,3,개월 미만,한올바이오파마(주),영유아
디맥정(농축콜레칼시페롤과립)_(10mg/1정),비급여,3,개월 미만,(주)다림바이오텍,영유아
애드민포르테정(콜레칼시페롤과립)_(10mg/1정),비급여,3,개월 미만,(주)한국피엠지제약,영유아
팩타민디쓰리정25000아이유(콜레칼시페롤농축분말)_(0.25mg/1정),비급여,3,개월 미만,맥널티제약(주),영유아
메가디쓰리정25000아이유(콜레칼시페롤농축분말)_(0.25mg/1정),비급여,3,개월 미만,(주)한국팜비오,영유아
디맥정7000아이유(농축콜레칼시페롤과립)_(70mg/1정),비급여,3,개월 미만,(주)다림바이오텍,영유아
디맥정30000아이유(농축콜레칼시페롤과립)_(0.3g/1정),비급여,3,개월 미만,(주)다림바이오텍,영유아
비코레드정22400아이유(콜레칼시페롤농축분말)_(0.224g/1정),비급여,3,개월 미만,리퓨어헬스케어(주),영유아
브이디500아이유정(콜레칼시페롤과립)_(5mg/1정),비급여,3,개월 미만,신일제약(주),영유아
씨프러스주(시프로플록사신)_(0.1g/50mL),비급여,18,세 미만,(주)대웅제약,청소년
명문시프로플록사신주사_(0.1g/50mL/백),비급여,18,세 미만,명문제약(주),청소년
아시렌주2밀리그람(시프로플록사신)_(0.1g/50mL),비급여,18,세 미만,한국프라임제약(주),청소년
유펙실주200mg(시프로플록사신)_(0.2g/100mL/백),비급여,18,세 미만,제이텍바이오젠,청소년
유펙실주200mg(시프로플록사신)_(0.2g/100mL/병),비급여,18,세 미만,제이텍바이오젠,청소년
푸리민정37.5밀리그램(펜터민염산염)_(37.5mg/1정),비급여,16,세 이하,알보젠코리아(주),청소년
뉴비그라정100밀리그램(실데나필시트르산염)_(0.14045g/1정),비급여,18,세 이하,한국휴텍스제약(주),청소년
에이치-유정100밀리그램(실데나필시트르산염)_(0.14045g/1정),비급여,18,세 이하,안국약품(주),청소년
프리야정100밀리그램(실데나필시트르산염)_(0.14045g/1정),비급여,18,세 이하,알보젠코리아(주),청소년
실비에정100밀리그램(실데나필시트르산염)_(0.14045g/1정),비급여,18,세 이하,(주)비씨월드제약,청소년
엠슈타인정100밀리그램(실데나필시트르산염)_(0.14045g/1정),비급여,18,세 이하,동국제약(주),청소년
실데그라정100밀리그램(실데나필시트르산염)_(0.14045g/1정),비급여,18,세 이하,신일제약(주),청소년
비아맥스정100밀리그램(실데나필시트르산염)_(0.14045g/1정),비급여,18,세 이하,아주약품(주),청소년
비아리스정(실데나필시트르산염)_(0.14045g/1정),비급여,18,세 이하,오스틴제약(주),청소년
퀵맥스정100밀리그램(실데나필시트르산염)_(0.14045g/1정),비급여,18,세 이하,케이엠에스제약(주),청소년
포미스터정100mg(실데나필시트르산염)_(0.14045g/1정),비급여,18,세 이하,한올바이오파마(주),청소년
이레나필정100밀리그램(실데나필시트르산염)_(0.14045g/1정),비급여,18,세 이하,환인제약(주),청소년
자이그라정100밀리그램(실데나필시트르산염)_(0.14045g/1정),비급여,18,세 이하,(주)동구바이오제약,청소년
푸로그라정100밀리그램(실데나필시트르산염)_(0.14045g/1정),비급여,18,세 이하,하나제약(주),청소년
브이그라정100밀리그램(실데나필시트르산염)_(0.14045g/1정),비급여,18,세 이하,㈜비보존제약,청소년
보그라정100밀리그램(실데나필시트르산염)_(0.14045g/1정),비급여,18,세 이하,한국프라임제약(주),청소년
칸데그라정(실데나필시트르산염)_(0.14045g/1정),비급여,18,세 이하,(주)경보제약,청소년
유니그라정100밀리그램(실데나필시트르산염)_(0.14045g/1정),비급여,18,세 이하,한국유니온제약(주),청소년
프리스틴정100mg(실데나필시트르산염)_(0.14045g/1정),비급여,18,세 이하,(주)휴온스,청소년
아그나필정100mg(실데나필시트르산염)_(0.14045g/1정),비급여,18,세 이하,대원제약(주),청소년
큐데나필정100밀리그램(실데나필시트르산염)_(0.14045mg/1정),비급여,18,세 이하,주식회사큐엘파마,청소년
나비그라정100밀리그램(실데나필시트르산염)_(0.14045g/1정),비급여,18,세 이하,(주)한국글로벌제약,청소년
대웅바이오실데나필정100밀리그램(실데나필시트르산염)_(0.14045g/1정),비급여,18,세 이하,대웅바이오(주),청소년
비아그라엘구강붕해필름100밀리그램(실데나필시트르산염)_(140.45mg/1장),비급여,18,세 이하,(주)서울제약,청소년
누리그라정25밀리그램(실데나필시트르산염)_(35.11mg/1정),비급여,18,세 이하,(주)대웅제약,청소년
비아그라정25밀리그람(실데나필시트르산염)_(35.11mg/1정),비급여,18,세 이하,비아트리스코리아(주),청소년
토피라이정25밀리그램(토피라메이트)_(25mg/1정),비급여,2,세 미만,화일약품(주),영유아
토피그린정25밀리그램(토피라메이트)_(25mg/1정),비급여,2,세 미만,(주)시어스제약,영유아
토피렌정25밀리그램(토피라메이트)_(25mg/1정),비급여,2,세 미만,(주)라이트팜텍,영유아
토팔라스정25밀리그램(토피라메이트)_(25mg/1정),비급여,2,세 미만,정우신약(주),영유아
토피메이트정25밀리그램(토피라메이트)_(25mg/1정),비급여,2,세 미만,(주)테라젠이텍스,영유아
휴비마돌주(트라마돌염산염)_(50mg/1mL),비급여,12,세 미만,(주)휴비스트제약,소아
트라돌주사액(트라마돌염산염)[수출명:인바이오넷트라돌주사액(트라마돌염산염)]_(0.1g/2mL),비급여,12,세 미만,크리스탈생명과학(주),소아
자이데나정100밀리그램(유데나필)_(0.1g/1정),비급여,18,세 이하,동아에스티(주),청소년
자이데나정200밀리그램(유데나필)_(0.2g/1정),비급여,18,세 이하,동아에스티(주),청소년
자이데나정50밀리그램(유데나필)_(50mg/1정),비급여,18,세 이하,동아에스티(주),청소년
야일라정10밀리그램(바데나필염산염)_(11.852mg/1정),비급여,18,세 미만,(주)종근당,청소년
야일라정20밀리그램(바데나필염산염)_(23.705mg/1정),비급여,18,세 미만,(주)종근당,청소년
대웅벤라팍신서방캡슐(벤라팍신염산염)_(42.42mg/1캡슐),비급여,18,세 미만,(주)대웅제약,청소년
보세틴정5밀리그램(보티옥세틴브롬화수소산염)_(6.355mg/1정),비급여,18,세 미만,명인제약(주),청소년
보세틴정10밀리그램(보티옥세틴브롬화수소산염)_(12.71mg/1정),비급여,18,세 미만,명인제약(주),청소년
보세틴정15밀리그램(보티옥세틴브롬화수소산염)_(19.065mg/1정),비급여,18,세 미만,명인제약(주),청소년
보세틴정20밀리그램(보티옥세틴브롬화수소산염)_(25.42mg/1정),비급여,18,세 미만,명인제약(주),청소년
메타리빈액0.1%(자일로메타졸린염산염)_(15mg/15mL),비급여,12,세 미만,태극제약(주),소아
코메키나나잘스프레이0.1%(자일로메타졸린염산염)_(15mg/15mL),비급여,12,세 미만,(주)대웅제약,소아
콜대원코나나잘스프레이(자일로메타졸린염산염)_(15mg/15mL),비급여,12,세 미만,대원제약(주),소아
오트리빈0.05%비강분무액(자일로메타졸린염산염)_(5mg/10mL),비급여,2,세 미만,(주)글락소스미스클라인컨슈머헬스케어코리아,영유아
화이투벤나잘스프레이0.05%(자일로메타졸린염산염)_(5mg/10mL),비급여,2,세 미만,(주)셀트리온제약,영유아
시노카자일로나잘스프레이액0.05%(자일로메타졸린염산염)_(9mg/18mL),비급여,2,세 미만,현대약품(주),영유아
토피아정(토피라메이트)_(25mg/1정),비급여,2,세 미만,(주)서흥,영유아
오트리빈멘톨0.1%분무제(자일로메타졸린염산염)_(10mg/10mL),비급여,12,세 미만,(주)글락소스미스클라인컨슈머헬스케어코리아,소아
비쿨롱점비액(자일로메타졸린염산염)_(10mg/10mL),비급여,12,세 미만,신신제약(주),소아
자이프렉사정2.5밀리그램(올란자핀)_(2.5mg/1정),급여,13,세 미만,(주)보령,청소년
올자핀정2.5밀리그램(올란자핀)_(2.5mg/1정),급여,13,세 미만,동화약품(주),청소년
산도스올란자핀정2.5밀리그램_(2.5mg/1정),급여,13,세 미만,삼일제약(주),청소년
"휴온스트라마돌염산염주사(수출명:TIMADOLInj.,TAMADOLINJ.)_(50mg/1mL)",급여,12,세 미만,(주)휴온스,소아
휴메딕스트라마돌염산염주_(50mg/1mL),급여,12,세 미만,(주)휴메딕스,소아
트라놀주(트라마돌염산염)_(50mg/1mL),급여,12,세 미만,(주)테라젠이텍스,소아
케이에스트라마돌염산염주_(0.1g/2mL),급여,12,세 미만,주식회사케이에스제약,소아
트리돌주100밀리그램(트라마돌염산염)_(0.1g/2mL),급여,12,세 미만,(주)유한양행,소아
도란찐주100밀리그람(트라마돌염산염)_(0.1g/2mL),급여,12,세 미만,삼성제약(주),소아
탄돌주100밀리그람(트라마돌염산염)(수출명:DAEHWATRAMADOLHCL)_(0.1g/2mL),급여,12,세 미만,대화제약(주),소아
트라톨주(트라마돌염산염)_(0.1g/2mL),급여,12,세 미만,(주)씨엠지제약,소아
트라주50mg/mL(트라마돌염산염)_(0.1g/2mL),급여,12,세 미만,하나제약(주),소아
졸민정0.125밀리그람(트리아졸람)_(0.125mg/1정),급여,18,세 이하,명인제약(주),청소년
트리람정0.125밀리그램(트리아졸람)_(0.125mg/1정),급여,18,세 이하,환인제약(주),청소년
졸민정0.25밀리그램(트리아졸람)_(0.25mg/1정),급여,18,세 이하,명인제약(주),청소년
트리람정0.25밀리그램(트리아졸람)_(0.25mg/1정),급여,18,세 이하,환인제약(주),청소년
"이팩사엑스알서방캡슐75밀리그램_(벤라팍신염산염, 84.85mg/1캡슐)",급여,18,세 미만,비아트리스코리아(주),청소년
벤팍신서방캡슐75밀리그램(벤라팍신염산염)_(84.84mg/1캡슐),급여,18,세 미만,영진약품(주),청소년
베넥사엑스알서방캡슐75mg(벤라팍신염산염)_(84.84mg/1캡슐),급여,18,세 미만,한림제약(주),청소년
벤라팩트서방캡슐(벤라팍신염산염)_(84.84mg/1캡슐),급여,18,세 미만,삼천당제약(주),청소년
코팩사엑스알서방캡슐75mg(벤라팍신염산염)_(84.84mg/1캡슐),급여,18,세 미만,명인제약(주),청소년
포폴주사(프로포폴)(바이알)_(0.12g/12mL),비급여,36,개월 미만,동국제약(주),영유아
올앳스정50밀리그램(실데나필시트르산염)_(70.23mg/1정),비급여,18,세 이하,주식회사 더유제약,청소년
실데나킴정50밀리그램(실데나필시트르산염)_(70.23mg/1정),비급여,18,세 이하,(주)킴스제약,청소년
비아그라정50밀리그람(실데나필시트르산염)_(70.23mg/1정),비급여,18,세 이하,비아트리스코리아(주),청소년
비스트라정50mg(실데나필시트르산염)_(70.23mg/1정),비급여,18,세 이하,(주)휴비스트제약,청소년
누리그라정50밀리그램(실데나필시트르산염)_(70.23mg/1정),비급여,18,세 이하,(주)대웅제약,청소년
누리그라츄정50밀리그램(실데나필시트르산염)_(70.23mg/1정),비급여,18,세 이하,(주)대웅제약,청소년
일양실데나필정50밀리그램(실데나필시트르산염)_(70.23mg/1정),비급여,18,세 이하,일양약품(주),청소년
오바램정50밀리그램(실데나필시트르산염)_(70.23mg/1정),비급여,18,세 이하,(주)보령,청소년
이디포스정50mg(실데나필시트르산염)_(70.23mg/1정),비급여,18,세 이하,(주)유한양행,청소년
부광실데나필정50밀리그램_(70.23mg/1정),비급여,18,세 이하,부광약품(주),청소년
센글라정50밀리그램(실데나필시트르산염)_(70.23mg/1정),비급여,18,세 이하,(주)종근당,청소년
팔팔정50밀리그램(실데나필시트르산염)_(70.23mg/1정),비급여,18,세 이하,한미약품(주),청소년
발그리아정50밀리그램(실데나필시트르산염)_(70.23mg/1정),비급여,18,세 이하,제이더블유신약(주),청소년
아네르츄정50밀리그램(실데나필시트르산염)_(70.23mg/1정),비급여,18,세 이하,한국유나이티드제약(주),청소년
바미라크정50밀리그램(실데나필시트르산염)_(70.23mg/1정),비급여,18,세 이하,대화제약(주),청소년
해피그라정50밀리그램(실데나필시트르산염)_(70.23mg/1정),비급여,18,세 이하,삼진제약(주),청소년
포르테브이정50밀리그램(실데나필시트르산염)_(70.23mg/1정),비급여,18,세 이하,경동제약(주),청소년
그대로필정50밀리그램(실데나필시트르산염)_(70.23mg/1정),비급여,18,세 이하,(주)씨엠지제약,청소년
에이치-유정50밀리그램(실데나필시트르산염)_(70.23mg/1정),비급여,18,세 이하,안국약품(주),청소년
프리그라정50밀리그램(실데나필시트르산염)_(70.23mg/1정),비급여,18,세 이하,진양제약(주),청소년
프리야정50밀리그램(실데나필시트르산염)_(70.23mg/1정),비급여,18,세 이하,알보젠코리아(주),청소년
엠슈타인정50밀리그램(실데나필시트르산염)_(70.23mg/1정),비급여,18,세 이하,동국제약(주),청소년
실데그라정50밀리그램(실데나필시트르산염)_(70.23mg/1정),비급여,18,세 이하,신일제약(주),청소년
퀵맥스정50밀리그램(실데나필시트르산염)_(70.23mg/1정),비급여,18,세 이하,케이엠에스제약(주),청소년
자이그라정50밀리그램(실데나필시트르산염)_(70.225mg/1정),비급여,18,세 이하,동구바이오제약,청소년
미놀노즈점비액(자일로메타졸린염산염)_(10mg/10mL),비급여,12,세 미만,경남제약(주),소아
나리스타자일로점비액(자일로메타졸린염산염)_(10mg/10mL),비급여,12,세 미만,삼천당제약(주),소아
코자툴린점비액(자일로메타졸린염산염)_(10mg/10mL),비급여,12,세 미만,아이큐어(주),소아
화이투벤나잘스프레이0.1%(자일로메타졸린염산염)_(10mg/10mL),비급여,12,세 미만,(주)셀트리온제약,소아
화이투벤멘톨나잘스프레이0.1%(자일로메타졸린염산염)_(10mg/10mL),비급여,12,세 미만,(주)셀트리온제약,소아
"시노카자일로나잘스프레이액0.1%(자일로메타졸린염산염)(무향,멘톨향)_(18mg/18mL)",비급여,12,세 미만,현대약품(주),소아
메타리빈액0.1%(자일로메타졸린염산염)_(20mg/20mL),비급여,12,세 미만,태극제약(주),소아
메타리빈액0.1%(자일로메타졸린염산염)_(30mg/30mL),비급여,12,세 미만,태극제약(주),소아
유로펜타정500mg(레보플록사신수화물)_(0.5123g/1정),급여,18,세 이하,주식회사큐엘파마,청소년
하이레보정500밀리그램(레보플록사신수화물)_(0.5123g/1정),급여,18,세 이하,(주)다산제약,청소년
다비드정100밀리그램(오플록사신)_(0.1g/1정),급여,18,세 이하,(주)동구바이오제약,청소년
오비드정(오플록사신)_(0.1g/1정),급여,18,세 이하,(주)비보존제약,청소년
리록신정(오플록사신)_(0.1g/1정),급여,18,세 이하,이연제약(주),청소년
타록시드정100밀리그램(오플록사신)_(0.1g/1정),급여,18,세 이하,위더스제약(주),청소년
오플린정(오플록사신)_(0.1g/1정),급여,18,세 이하,경방신약(주),청소년
영풍오플록사신정100밀리그램_(0.1g/1정),급여,18,세 이하,영풍제약(주),청소년
안플레임정(오플록사신)_(0.1g/1정),급여,18,세 이하,한국프라임제약(주),청소년
엑센정(오플록사신)_(0.1g/1정),급여,18,세 이하,대한뉴팜(주),청소년
팜젠오플록사신정_(0.1g/1정),급여,18,세 이하,(주)팜젠사이언스,청소년
오플로정(오플록사신)_(0.1g/1정),급여,18,세 이하,(주)휴온스메디텍,청소년
제뉴원오플록사신정_(0.1g/1정),급여,18,세 이하,주식회사제뉴원사이언스,청소년
오플록정100밀리그램(오플록사신)_(0.1g/1정),급여,18,세 이하,아이큐어(주),청소년
오플라정(오플록사신)_(0.1g/1정),급여,18,세 이하,화일약품(주),청소년
셀트리온오플록신정100밀리그램(오플록사신)_(0.1g/1정),급여,18,세 이하,(주)셀트리온제약,청소년
테라비드정(오플록사신)_(0.1g/1정),급여,18,세 이하,(주)테라젠이텍스,청소년
한올염산시프로플록사신정250밀리그램_(0.291g/1정),비급여,18,세 미만,한올바이오파마(주),청소년
씨프라논정250mg(염산시프로플록사신)(수출명:CIPROMEDTabs.250mgCIPROXALTabs.250mgVIROSINTabs.250mg)_(0.291g/1정),비급여,18,세 미만,(주)테라젠이텍스,청소년
참시프로플록사신정500밀리그람(염산시프로플록사신)(수출명:키노플록스정)_(0.582g/1정),비급여,18,세 미만,유니메드제약(주),청소년
자이프렉사정5밀리그램(올란자핀)_(5mg/1정),급여,13,세 미만,(주)보령,청소년
올라핀정5밀리그램(올란자핀)_(5mg/1정),급여,13,세 미만,현대약품(주),청소년
영진올란자핀정5밀리그램_(5mg/1정),급여,13,세 미만,영진약품(주),청소년
올자핀정5밀리그램(올란자핀)_(5mg/1정),급여,13,세 미만,동화약품(주),청소년
자이자핀정5밀리그램(올란자핀)_(5mg/1정),급여,13,세 미만,한림제약(주),청소년
뉴로자핀정5밀리그램(올란자핀)_(5mg/1정),급여,13,세 미만,명인제약(주),청소년
올자펙스정5밀리그램(올란자핀)_(5mg/1정),급여,13,세 미만,(주)한국파마,청소년
자이레핀정5밀리그램(올란자핀)_(5mg/1정),급여,13,세 미만,환인제약(주),청소년
산도스올란자핀정5밀리그램_(5mg/1정),급여,13,세 미만,한국산도스(주),청소년
피엠에스올란자핀정5밀리그램(올란자핀)_(5mg/1정),급여,13,세 미만,(주)제뉴파마,청소년
자이피스오디정 5밀리그램(올란자핀)_(5mg/1정),급여,13,세 미만,고려제약(주),청소년
자이프렉사자이디스확산정5밀리그램(미세올란자핀)_(5mg/1정),급여,13,세 미만,한국릴리(유),청소년
테바올란자핀정2.5밀리그램_(2.5mg/1정),급여,13,세 미만,(주)한독테바,청소년
에이프렉사정2.5밀리그램(올란자핀)_(2.5mg/1정),급여,13,세 미만,에이치케이이노엔(주),청소년
자이프렉사정2.5밀리그램(올란자핀)_(2.5mg/1정),급여,13,세 미만,(주)보령,청소년
세리비아세립100밀리그램(실데나필)_(0.1g/1포),비급여,18,세 이하,건일제약(주),청소년
큐데나필정50밀리그램(실데나필시트르산염)_(70.23mg/1정),비급여,18,세 이하,주식회사큐엘파마,청소년
나비그라정50밀리그램(실데나필시트르산염)_(70.23mg/1정),비급여,18,세 이하,(주)한국글로벌제약,청소년
대웅바이오실데나필정50밀리그램(실데나필시트르산염)_(70.23mg/1정),비급여,18,세 이하,대웅바이오(주),청소년
비닉스구강붕해필름50밀리그램(실데나필시트르산염)_(70.23mg/1장),비급여,18,세 이하,(주)씨엘팜,청소년
누리그라구강붕해필름50밀리그램(실데나필시트르산염)_(70.23mg/1장),비급여,18,세 이하,(주)대웅제약,청소년
이그니스구강용해필름50밀리그램(실데나필시트르산염)_(70.23mg/1장),비급여,18,세 이하,광동제약(주),청소년
맥시그라구강붕해정50밀리그램(실데나필시트르산염)_(70.23mg/1정),비급여,18,세 이하,국제약품(주),청소년
비아그라엘구강붕해필름50밀리그램(실데나필시트르산염)_(70.23mg/1장),비급여,18,세 이하,(주)서울제약,청소년
자이그라구강붕해필름50mg(실데나필시트르산염)_(70.23mg/1장),비급여,18,세 이하,(주)동구바이오제약,청소년
실버케어크림(설파디아진은)_(0.2g/20g),비급여,2,개월 미만,태극제약(주),영유아
실버돈크림(설파디아진은)_(0.3g/30g),비급여,2,개월 미만,해태에이치티비(주),영유아
실버돈크림(설파디아진은)_(0.45g/450g),비급여,2,개월 미만,해태에이치티비(주),영유아
실버케어크림(설파디아진은)_(0.15g/15g),비급여,2,개월 미만,태극제약(주),영유아
파이브로베인주3%(테트라데실황산나트륨)_(0.12244g/2mL),비급여,3,세 미만,금청약품(주),영유아
파이브로베인주3%바이알(테트라데실황산나트륨)_(0.3061g/5mL),비급여,3,세 미만,금청약품(주),영유아
파이브로베인주1%(테트라데실황산나트륨)_(40.82mg/2mL),비급여,3,세 미만,금청약품(주),영유아
파이브로베인주0.2%(테트라데실황산나트륨)_(20.4mg/5mL),비급여,3,세 미만,금청약품(주),영유아
그래서산5밀리그램(타다라필)_(5mg/1포),비급여,18,세 미만,안국약품(주),청소년
토르티정5밀리그램(타다라필)_(5mg/1정),비급여,18,세 미만,(주)인트로바이오파마,청소년
윕스정5밀리그램(타다라필)_(5mg/1정),비급여,18,세 미만,주식회사 더유제약,청소년
타다킴정5밀리그램(타다라필)_(5mg/1정),비급여,18,세 미만,(주)킴스제약,청소년
롱티메정5mg(타다라필)_(5mg/1정),비급여,18,세 미만,(주)한국파비스제약,청소년
타오르정5밀리그램(타다라필)_(5mg/1정),비급여,18,세 미만,(주)대웅제약,청소년
일양타다라필정5mg(타다라필)_(5mg/1정),비급여,18,세 미만,일양약품(주),청소년
타다롱정5밀리그램(타다라필)_(5mg/1정),비급여,18,세 미만,광동제약(주),청소년
오설램정5밀리그램(타다라필)_(5mg/1정),비급여,18,세 미만,(주)보령,청소년
타다포스정5mg(타다라필)_(5mg/1정),비급여,18,세 미만,(주)유한양행,청소년
부광타다라필정5mg_(5mg/1정),비급여,18,세 미만,부광약품(주),청소년
제일타리비드정200밀리그람(오플록사신)_(0.2g/1정),급여,18,세 이하,제일약품(주),청소년
"코러스오플록사신정200mg(수출명:TOFLOXIN TAB.,KroflinTab.,Korucin Tab.,Superox Tab.)_(0.2g/1정)",급여,18,세 이하,한국코러스(주),청소년
넬슨오플록사신정200밀리그람(수출명:OXLACEFTab)(수출명:OFLOXACEFTab.)(수출명:OFLOMORETab)(수출명:NESALICEFTab.)_(0.2g/1정),급여,18,세 이하,한국넬슨제약(주),청소년
구주오플록사신정200밀리그람(수출명:Beeflor)_(0.2g/1정),급여,18,세 이하,구주제약(주),청소년
에펙신주(오플록사신)_(0.2g/100mL),급여,18,세 이하,일동제약(주),청소년
보령토피라메이트정25밀리그램_(25mg/1정),급여,2,세 미만,(주)보령,영유아
토파린정25밀리그램(토피라메이트)_(25mg/1정),급여,2,세 미만,현대약품(주),영유아
토파메드정25밀리그램(토피라메이트)_(25mg/1정),급여,2,세 미만,일동제약(주),영유아
토피라정25밀리그램(토피라메이트)_(25mg/1정),급여,2,세 미만,한미약품(주),영유아
토피론정25밀리그램(토피라메이트)_(25mg/1정),급여,2,세 미만,한림제약(주),영유아
토파맥스정25밀리그램(토피라메이트)_(25mg/1정),급여,2,세 미만,(주)한국얀센,영유아
토피맥스정25mg(토피라메이트)_(25mg/1정),급여,2,세 미만,한국휴텍스제약(주),영유아
토피라밀정25밀리그램(토피라메이트)_(25mg/1정),급여,2,세 미만,영일제약(주),영유아
유니토파정25밀리그람(토피라메이트)_(25mg/1정),급여,2,세 미만,유니메드제약(주),영유아
토파민정25밀리그람(토피라메이트)_(25mg/1정),급여,2,세 미만,명문제약(주),영유아
토피칸정25밀리그람(토피라메이트)_(25mg/1정),급여,2,세 미만,안국약품(주),영유아
한화토피라메이트정25밀리그램_(25mg/1정),급여,2,세 미만,한화제약(주),영유아
토파메이트정25밀리그람(토피라메이트)_(25mg/1정),급여,2,세 미만,명인제약(주),영유아
토팜정25밀리그람(토피라메이트)_(25mg/1정),급여,2,세 미만,알보젠코리아(주),영유아
피트메이트정(토피라메이트)_(25mg/1정),급여,2,세 미만,동국제약(주),영유아
토피렉스정25밀리그램(토피라메이트)_(25mg/1정),급여,2,세 미만,오스틴제약(주),영유아
토피메인정25밀리그램(토피라메이트)_(25mg/1정),급여,2,세 미만,알리코제약(주),영유아
토피라트정25밀리그램(토피라메이트)_(25mg/1정),급여,2,세 미만,환인제약(주),영유아
피엠에스토피라메이트정25밀리그램_(25mg/1정),급여,2,세 미만,파마사이언스코리아(주),영유아
토피리드정25밀리그램(토피라메이트)_(25mg/1정),급여,2,세 미만,광동제약(주),영유아
토맥스정25밀리그램(토피라메이트)_(25mg/1정),급여,2,세 미만,하나제약(주),영유아
세티정25밀리그람(토피라메이트)_(25mg/1정),급여,2,세 미만,(주)휴온스,영유아
토피스트정25밀리그램(토피라메이트)_(25mg/1정),급여,2,세 미만,대웅바이오(주),영유아
토파맥스스프링클캡슐50밀리그램(토피라메이트)_(50mg/1캡슐),급여,2,세 미만,(주)한국얀센,영유아
파마벤라팍신서방캡슐75밀리그램(벤라팍신염산염)_(84.84mg/1캡슐),급여,18,세 미만,(주)한국파마,청소년
베라칸서방캡슐75밀리그램(벤라팍신염산염)_(84.84mg/1캡슐),급여,18,세 미만,대웅바이오(주),청소년
"이팩사엑스알서방캡슐37.5밀리그램_(벤라팍신염산염, 42.43mg/1캡슐)",급여,18,세 미만,비아트리스코리아(주),청소년
엠마오5%크림_(450g),비급여,3,개월 이하,알리코제약(주),영유아
리카르로크림_(450g),비급여,3,개월 이하,(주)동구바이오제약,영유아
제이프로크림_(450g),비급여,3,개월 이하,(주)비보존제약,영유아
웰스카인플러스크림_(450g),비급여,3,개월 이하,구주제약(주),영유아
플랑셀크림_(450g),비급여,3,개월 이하,대한뉴팜(주),영유아
프카인크림_(450g),비급여,3,개월 이하,(주)휴온스,영유아
마네신크림_(450g),비급여,3,개월 이하,(주)티디에스팜,영유아
아나신크림_(10g),비급여,3,개월 이하,시믹씨엠오코리아주식회사,영유아
마마신골드크림_(10g),비급여,3,개월 이하,(주)씨엠지제약,영유아
엠카인크림_(10g),비급여,3,개월 이하,알파제약(주),영유아
프카인크림_(10g),비급여,3,개월 이하,(주)휴온스,영유아
엔카인크림_(10g),비급여,3,개월 이하,주식회사제뉴원사이언스,영유아
마네신크림_(10g),비급여,3,개월 이하,(주)티디에스팜,영유아
아네카인크림_(10g),비급여,3,개월 이하,(주)시어스제약,영유아
아네스크림_(15g),비급여,3,개월 이하,태극제약(주),영유아
엠에스크림_(15g),비급여,3,개월 이하,오스틴제약(주),영유아
엠마오5%크림_(15g),비급여,3,개월 이하,알리코제약(주),영유아
그대로필정100밀리그램(실데나필시트르산염)_(0.14045g/1정),비급여,18,세 이하,(주)씨엠지제약,청소년
토네이드정5밀리그램(타다라필)_(5mg/1정),비급여,18,세 미만,일동제약(주),청소년
동성타다라필정5밀리그램_(5mg/1정),비급여,18,세 미만,동성제약(주),청소년
센돔정5밀리그램(타다라필)_(5mg/1정),비급여,18,세 미만,(주)종근당,청소년
구구정5밀리그램(타다라필)_(5mg/1정),비급여,18,세 미만,한미약품(주),청소년
구구츄정5밀리그램(타다라필)_(5mg/1정),비급여,18,세 미만,한미약품(주),청소년
빅토리스정5밀리그램(타다라필)_(5mg/1정),비급여,18,세 미만,국제약품(주),청소년
발그나필정5밀리그램(타다라필)_(5mg/1정),비급여,18,세 미만,제이더블유신약(주),청소년
하나롱정5밀리그램(타다라필)_(5mg/1정),비급여,18,세 미만,제일약품(주),청소년
세니트엔정5mg(타다라필)_(5mg/1정),비급여,18,세 미만,동광제약(주),청소년
해피롱정5밀리그램(타다라필)_(5mg/1정),비급여,18,세 미만,삼진제약(주),청소년
더포르테씨정5밀리그램(타다라필)_(5mg/1정),비급여,18,세 미만,경동제약(주),청소년
제대로필정5밀리그램(타다라필)_(5mg/1정),비급여,18,세 미만,(주)씨엠지제약,청소년
뉴씨그라정5mg(타다라필)_(5mg/1정),비급여,18,세 미만,한국휴텍스제약(주),청소년
시알정5밀리그램(타다라필)_(5mg/1정),비급여,18,세 미만,유니메드제약(주),청소년
타다프리정5밀리그램(타다라필)_(5mg/1정),비급여,18,세 미만,알보젠코리아(주),청소년
불티움정5밀리그램(타다라필)_(5mg/1정),비급여,18,세 미만,(주)서울제약,청소년
엠스트롱정5밀리그램(타다라필)_(5mg/1정),비급여,18,세 미만,동국제약(주),청소년
썬카정5밀리그램(타다라필)_(5mg/1정),비급여,18,세 미만,아주약품(주),청소년
롱맥스정5밀리그램(타다라필)_(5mg/1정),비급여,18,세 미만,케이엠에스제약(주),청소년
포드림정5mg(타다라필)_(5mg/1정),비급여,18,세 미만,한올바이오파마(주),청소년
데일라정5mg(타다라필)_(5mg/1정),비급여,18,세 미만,알리코제약(주),청소년
자이리스정5mg(타다라필)_(5mg/1정),비급여,18,세 미만,(주)동구바이오제약,청소년
제이케이(JK)정5밀리그램(타다라필)_(5mg/1정),비급여,18,세 미만,하나제약(주),청소년
헤로스정5mg(타다라필)_(5mg/1정),비급여,18,세 미만,(주)비보존제약,청소년
타라정5밀리그램(타다라필)_(5mg/1정),비급여,18,세 미만,(주)알피바이오,청소년
푸로리스정5mg(타다라필)_(5mg/1정),비급여,18,세 미만,영풍제약(주),청소년
일나스정5밀리그램(타다라필)_(5mg/1정),비급여,18,세 미만,(주)넥스팜코리아,청소년
시아놀정5밀리그램(타다라필)_(5mg/1정),비급여,18,세 미만,성원애드콕제약(주),청소년
고든정5mg(타다라필)_(5mg/1정),비급여,18,세 미만,(주)씨티씨바이오,청소년
이팔정5mg(타다라필)_(5mg/1정),비급여,18,세 미만,(주)휴온스,청소년
시알리스정5밀리그램(타다라필)_(5mg/1정),비급여,18,세 미만,한국릴리(유),청소년
카마라필정5밀리그램(타다라필)_(5mg/1정),비급여,18,세 미만,주식회사제뉴원사이언스,청소년
시알롱기정5mg(타다라필)_(5mg/1정),비급여,18,세 미만,대원제약(주),청소년
더플러스정5밀리그램(타다라필)_(5mg/1정),비급여,18,세 미만,(주)한국글로벌제약,청소년
타올라스정5밀리그램(타다라필)_(5mg/1정),비급여,18,세 미만,(주)셀트리온제약,청소년
시알탐정5밀리그램(타다라필)_(5mg/1정),비급여,18,세 미만,대웅바이오(주),청소년
페나베타주(디클로페낙β-디메틸아미노에탄올)_(90mg/2mL),급여,4,주 미만,주식회사케이에스제약,소아
일화디페낙베타주(디클로페낙β-디메틸아미노에탄올)_(90mg/2mL),급여,4,주 미만,(주)일화,소아
에스페낙베타주(디클로페낙β-디메틸아미노에탄올)_(90mg/2mL),급여,4,주 미만,삼성제약(주),소아
젝스타주(디클로페낙β-디메틸아미노에탄올)_(90mg/2mL),급여,4,주 미만,(주)유영제약,소아
디클로라주(디클로페낙β-디메틸아미노에탄올)_(90mg/2mL),급여,4,주 미만,(주)씨엠지제약,소아
클로낙주2mL(디클로페낙베타디메칠아미노에탄올)_(90mg/2mL),급여,4,주 미만,삼천당제약(주),소아
하원디클로페낙베타주2mL(디클로페낙β-디메틸아미노에탄올)_(90mg/2mL),급여,4,주 미만,(주)하원제약,소아
디로낙주2밀리리터(디클로페낙β-디메틸아미노에탄올)_(90mg/2mL),급여,4,주 미만,(주)비씨월드제약,소아
뉴페낙주사2밀리리터(디클로페낙β-디메틸아미노에탄올)_(90mg/2mL),급여,4,주 미만,아주약품(주),소아
로티락베타주(디클로페낙β-디메틸아미노에탄올)_(90mg/2mL),급여,4,주 미만,알리코제약(주),소아
미노브이주2mL(디클로페낙β-디메틸아미노에탄올)_(90mg/2mL),급여,4,주 미만,이연제약(주),소아
크낙주2밀리리터(디클로페낙베타디메틸아미노에탄올)_(90mg/2mL),급여,4,주 미만,대한뉴팜(주),소아
디클로주2밀리리터(디클로페낙β-디메틸아미노에탄올)_(90mg/2mL),급여,4,주 미만,주식회사제뉴원사이언스,소아
글로베타주(디클로페낙베타디메틸아미노에탄올)_(90mg/2mL),급여,4,주 미만,(주)한국글로벌제약,소아
디코데서방정(디히드로코데인타르타르산염)_(60mg/1정),급여,12,세 이하,하나제약(주),소아
포타겔현탁액(디옥타헤드랄스멕타이트)_(1.5g/10mL),급여,24,개월 미만,대원제약(주),영유아
스타빅현탁액(디옥타헤드랄스멕타이트)_(3g/20mL),급여,24,개월 미만,(주)대웅제약,영유아
슈멕톤현탁액(디옥타헤드랄스멕타이트)(수출명:DOSMECTINE)_(3g/20mL),급여,24,개월 미만,일양약품(주),영유아
다이톱현탁액(디옥타헤드랄스멕타이트)_(3g/20mL),급여,24,개월 미만,삼아제약(주),영유아
포타겔현탁액(디옥타헤드랄스멕타이트)_(3g/20mL),급여,24,개월 미만,대원제약(주),영유아
스타빅현탁액(디옥타헤드랄스멕타이트)_(75g/500mL),급여,24,개월 미만,(주)대웅제약,영유아
다이톱현탁액(디옥타헤드랄스멕타이트)_(75g/500mL),급여,24,개월 미만,삼아제약(주),영유아
포타겔현탁액(디옥타헤드랄스멕타이트)_(75g/500mL),급여,24,개월 미만,대원제약(주),영유아
카딜정2밀리그램(독사조신메실산염)_(2.43mg/1정),급여,12,세 이하,(주)바이넥스,소아
큐프론주(백)(시프로플록사신)_(0.4g/200mL),급여,18,세 미만,신풍제약(주),청소년
명문시프로플록사신주사_(0.4g/200mL),급여,18,세 미만,명문제약(주),청소년
"로푸신주(시프로플록사신)(수출명:시프로플록스주,파마시프로플록사신주)_(0.4g/200mL/백)",급여,18,세 미만,(주)한국파마,청소년
이연시플록사신주(시프로플록사신)_(0.4g/200mL),급여,18,세 미만,이연제약(주),청소년
씨프록주(시프로플록사신)_(0.4g/200mL),급여,18,세 미만,(주)넥스팜코리아,청소년
유니시프로사신주사(시프로플록사신)_(0.4g/200mL),급여,18,세 미만,한국유니온제약(주),청소년
뉴록사신주(시프로플록사신)_(0.4g/200mL),급여,18,세 미만,구주제약(주),청소년
제이더블유생명시프로플록사신주_(0.4g/200mL),급여,18,세 미만,제이더블유생명과학(주),청소년
베아신주(시프로플록사신)_(0.4g/200mL),급여,18,세 미만,대웅바이오(주),청소년
씨플록스정(시프로플록사신염산염수화물)_(0.291g/1정),급여,18,세 미만,(주)중헌제약,청소년
시프로투정250밀리그램(시프로플록사신염산염수화물)_(0.291g/1정),급여,18,세 미만,코스맥스파마(주),청소년
씨큐로바이정(시프로플록사신염산염수화물)_(0.291g/1정),급여,18,세 미만,주식회사 더유제약,청소년
시프로사정(시프로플록사신염산염수화물)_(0.291g/1정),급여,18,세 미만,주식회사케이에스제약,청소년
메가시플록정(시프로플록사신염산염수화물)_(0.291g/1정),급여,18,세 미만,(주)엘앤씨바이오,청소년
씨플록정250mg(시프로플록사신염산염수화물)_(0.291g/1정),급여,18,세 미만,(주)이든파마,청소년
시프록스정(시프로플록사신염산염)_(0.291g/1정),급여,18,세 미만,(주)오스코리아제약,청소년
사이톱신정(시프로플록사신염산염)_(0.2915g/1정),급여,18,세 미만,에이치케이이노엔(주),청소년
씨록사신정(시프로플록사신염산염)_(0.291g/1정),급여,18,세 미만,(주)일화,청소년
더모베이트액(클로베타솔프로피오네이트)_(12.5mg/25mL),급여,24,개월 미만,(주)글락소스미스클라인,영유아
베타베이트액(클로베타솔프로피오네이트)[수출명:클로베덤0.05%액(CLOBEDERM0.05%Solution)]_(13.98mg/30mL),급여,24,개월 미만,고려제약(주),영유아
도모호론액(클로베타솔프로피오네이트)_(13.98mg/30mL),급여,24,개월 미만,(주)동구바이오제약,영유아
스테이벤액(클로베타솔프로피오네이트)_(16.1mg/35mL),급여,24,개월 미만,동화약품(주),영유아
듀오피엔액(클로베타솔프로피오네이트)_(23.3mg/50mL),급여,24,개월 미만,주식회사 더유제약,영유아
케이타솔액(클로베타솔프로피오네이트)_(23.3mg/50mL),급여,24,개월 미만,에이치케이이노엔(주),영유아
더비솔액(클로베타솔프로피오네이트)_(23.3mg/50mL),급여,24,개월 미만,(주)메디카코리아,영유아
크로솔액(클로베타솔프로피오네이트)_(23.3mg/50mL),급여,24,개월 미만,(주)한국파마,영유아
코베이트액(클로베타솔프로피오네이트)_(23.3mg/50mL),급여,24,개월 미만,코오롱제약(주),영유아
프로솔액(클로베타솔프로피오네이트)_(23.3mg/50mL),급여,24,개월 미만,주식회사제뉴원사이언스,영유아
제이클로벨액(클로베타솔프로피오네이트)_(23.3mg/50mL),급여,24,개월 미만,(주)라이트팜텍,영유아
더모베이트액(클로베타솔프로피오네이트)_(25mg/50mL),급여,24,개월 미만,(주)글락소스미스클라인,영유아
프로솔로션(클로베타솔프로피오네이트)_(55mg/110mL),급여,24,개월 미만,주식회사제뉴원사이언스,영유아
베르단트크림(클로베타솔프로피오네이트)_(0.225g/450g),급여,24,개월 미만,알파제약(주),영유아
케이타솔연고(클로베타솔프로피오네이트)_(0.225g/450g),급여,24,개월 미만,에이치케이이노엔(주),영유아
도모호론연고(클로베타솔프로피오네이트)_(0.225g/450g),급여,24,개월 미만,(주)동구바이오제약,영유아
브리딘티점안액0.15%(브리모니딘타르타르산염)_(7.5mg/5mL),급여,2,세 미만,한림제약(주),영유아
알파벨라점안액(브리모니딘타르타르산염)(1회용)_(0.45mg/0.3mL),급여,2,세 미만,(주)종근당,영유아
아젤론정(아젤라스틴염산염)_(1mg/1정),급여,6,세 이하,한국유나이티드제약(주),소아
아젤틴정(아젤라스틴염산염)_(1mg/1정),급여,6,세 이하,태극제약(주),소아
아젤스틴정(아젤라스틴염산염)_(1mg/1정),급여,6,세 이하,(주)에이프로젠바이오로직스,소아
아젤라젠정(아젤라스틴염산염)_(1mg/1정),급여,6,세 이하,(주)뉴젠팜,소아
알티온정(아젤라스틴염산염)_(1mg/1정),급여,6,세 이하,한국코러스(주),소아
아젤라정(아젤라스틴염산염)_(1mg/1정),급여,6,세 이하,경동제약(주),소아
아제탄정(아젤라스틴염산염)_(1mg/1정),급여,6,세 이하,(주)씨엠지제약,소아
아젤라토정(아젤라스틴염산염)_(1mg/1정),급여,6,세 이하,풍림무약(주),소아
아젤스테인정(아젤라스틴염산염)_(1mg/1정),급여,6,세 이하,한국휴텍스제약(주),소아
아제스정(아젤라스틴염산염)_(1mg/1정),급여,6,세 이하,영일제약(주),소아
서울아젤라스틴염산염정_(1mg/1정),급여,6,세 이하,(주)서울제약,소아
알스틴정(아젤라스틴염산염)_(1mg/1정),급여,6,세 이하,아주약품(주),소아
아제틴정(아젤라스틴염산염)_(1mg/1정),급여,6,세 이하,오스틴제약(주),소아
아젤란정(아젤라스틴염산염)_(1mg/1정),급여,6,세 이하,알리코제약(주),소아
알제틴정(아젤라스틴염산염)_(1mg/1정),급여,6,세 이하,(주)동구바이오제약,소아
아제나정(아젤라스틴염산염)_(1mg/1정),급여,6,세 이하,(유)한풍제약,소아
아젤라진정(아젤라스틴염산염)_(1mg/1정),급여,6,세 이하,(주)비보존제약,소아
알레라정(아젤라스틴염산염)_(1mg/1정),급여,6,세 이하,이연제약(주),소아
아스틴정(아젤라스틴염산염)_(1mg/1정),급여,6,세 이하,위더스제약(주),소아
아제라스정(아젤라스틴염산염)_(1mg/1정),급여,6,세 이하,영풍제약(주),소아
아틴정(아젤라스틴염산염)_(1mg/1정),급여,6,세 이하,한국프라임제약(주),소아
아젤라실정(아젤라스틴염산염)_(1mg/1정),급여,6,세 이하,성원애드콕제약(주),소아
아제라틴정(아젤라스틴염산염)_(1mg/1정),급여,6,세 이하,(주)경보제약,소아
에젤란정(아젤라스틴염산염)_(1mg/1정),급여,6,세 이하,한국유니온제약(주),소아
아제타정(아젤라스틴염산염)_(1mg/1정),급여,6,세 이하,(주)씨티씨바이오,소아
젤라스틴정(아젤라스틴염산염)_(1mg/1정),급여,6,세 이하,구주제약(주),소아
아젤라스정(아젤라스틴염산염)_(1mg/1정),급여,6,세 이하,대한뉴팜(주),소아
위더스독사조신메실산염정2밀리그램_(2.43mg/1정),급여,12,세 이하,위더스제약(주),소아
국제독시사이클린하이클레이트수화물캡슐100밀리그램_(0.1g/1캡슐),급여,12,세 미만,국제약품(주),소아
모노신정(독시사이클린하이클레이트수화물)_(0.1g/1정),급여,12,세 미만,고려제약(주),소아
덴티스타캡슐(독시사이클린하이클레이트수화물)_(21.33mg/1캡슐),급여,12,세 미만,하나제약(주),소아
독시라마이신캡슐100mg(독시사이클린수화물)_(0.1g/1캡슐),급여,12,세 미만,(주)씨엘팜,소아
신일모노독시엠캡슐(독시사이클린수화물)_(0.1g/1캡슐),급여,12,세 미만,신일제약(주),소아
독시투정(독시사이클린수화물)_(0.1g/1정),급여,12,세 미만,코스맥스파마(주),소아
독시메디정(독시사이클린수화물)_(0.1g/1정),급여,12,세 미만,주식회사 더유제약,소아
바이독시정(독시사이클린수화물)_(0.1g/1정),급여,12,세 미만,(주)메디카코리아,소아
다이놀정(에티드론산디나트륨)_(0.2g/1정),급여,12,세 미만,초당약품공업(주),소아
독시카민정(독사조신메실산염)_(2.43mg/1정),급여,12,세 이하,(주)한국파비스제약,소아
씨프로바이정250밀리그램(시프로플록사신염산염수화물)_(0.291g/1정),급여,18,세 미만,바이엘코리아(주),청소년
씨프러스정250밀리그람(염산시프로플록사신)_(0.291g/1정),급여,18,세 미만,(주)대웅제약,청소년
삼성시플로프록사신정(시프로플록사신염산염수화물)_(0.291g/1정),급여,18,세 미만,삼성제약(주),청소년
시폭사신정250밀리그람(시프로플록사신염산염수화물)_(0.291g/1정),급여,18,세 미만,동화약품(주),청소년
싸이신정250밀리그램(시프로플록사신염산염)_(0.291g/1정),급여,18,세 미만,일동제약(주),청소년
로프신정250mg(시프로플록사신염산염수화물)_(0.291g/1정),급여,18,세 미만,(주)바이넥스,청소년
싸이프로정(시프로플록사신염산염)_(0.291g/1정),급여,18,세 미만,동성제약(주),청소년
키포신정(시프로플록사신염산염수화물)_(0.291g/1정),급여,18,세 미만,국제약품(주),청소년
씨록정(시프로플록사신염산염수화물)_(0.291g/1정),급여,18,세 미만,한국유나이티드제약(주),청소년
시로판정(시프로플록사신염산염수화물)_(0.2915g/1정),급여,18,세 미만,에스케이케미칼(주),청소년
태극염산시프로플록사신정(수출명 : STACIPRO TABLET)_(0.25g/1정),급여,18,세 미만,태극제약(주),청소년
씨플로정(시프로플록사신염산염)_(0.291g/1정),급여,18,세 미만,(주)에이프로젠바이오로직스,청소년
프록스코정(시프로플록사신염산염)_(0.291g/1정),급여,18,세 미만,대화제약(주),청소년
싸이플록신정250밀리그램(시프로플록사신염산염수화물)_(0.291g/1정),급여,18,세 미만,(주)뉴젠팜,청소년
코러스시프로플록사신정(수출명 : TROXACINE TAB)_(0.25g/1정),급여,18,세 미만,한국코러스(주),청소년
키노스정250밀리그램(시프로플록사신염산염수화물)_(0.291g/1정),급여,18,세 미만,삼진제약(주),청소년
큐프론정(시프로플록사신염산염수화물)_(0.291g/1정),급여,18,세 미만,신풍제약(주),청소년
클로베타연고(클로베타솔프로피오네이트)_(0.225g/450g),급여,24,개월 미만,이연제약(주),영유아
프로솔연고(클로베타솔프로피오네이트)_(0.225g/450g),급여,24,개월 미만,주식회사제뉴원사이언스,영유아
베타베이트크림(클로베타솔프로피오네이트)_(0.25g/500g),급여,24,개월 미만,고려제약(주),영유아
도모호론크림(클로베타솔프로피오네이트)_(0.25g/500g),급여,24,개월 미만,(주)동구바이오제약,영유아
클로베타크림(클로베타솔프로피오네이트)_(0.25g/500g),급여,24,개월 미만,이연제약(주),영유아
도모호론연고(클로베타솔프로피오네이트)_(0.25g/500g),급여,24,개월 미만,(주)동구바이오제약,영유아
베타베이트연고(클로베타솔프로피오네이트)(수출명:클로베덤0.05%연고)(CLOBEDERM0.05%Ointment)_(0.2g/400g),급여,24,개월 미만,고려제약(주),영유아
"명문인산코데인정_(코데인인산염수화물, 20mg/1정)",급여,12,세 이하,명문제약(주),소아
"비씨인산코데인정_(코데인인산염수화물, 20mg/1정)",급여,12,세 이하,(주)비씨월드제약,소아
"하나인산코데인정_(코데인인산염수화물, 20mg/1정)",급여,12,세 이하,하나제약(주),소아
데코인정(코데인인산염수화물)_(20mg/1정),급여,12,세 이하,성원애드콕제약(주),소아
"구주인산코데인정_(코데인인산염수화물, 20mg/1정)",급여,12,세 이하,구주제약(주),소아
시클펜정(시클로벤자프린염산염)_(10mg/1정),급여,65,세 이상,영풍제약(주),고령자
본렉스이알캡슐15밀리그램(시클로벤자프린염산염)_(15mg/1캡슐),급여,65,세 이상,(주)새한제약,고령자
오큐시클로점안액(시클로펜톨레이트염산염)(수출명:OcuCyclo)_(50mg/5mL),급여,1,세 미만,삼일제약(주),영유아
싸이크로질1%점안액(시클로펜톨레이트염산염)_(0.15g/15mL),급여,1,세 미만,한국알콘(주),영유아
프레지스타정600밀리그램(다루나비르에탄올레이트)_(0.65046g/1정),급여,3,세 미만,(주)한국얀센,영유아
프레지스타정400밀리그램(다루나비르에탄올레이트)_(0.43364g/1정),급여,3,세 미만,(주)한국얀센,영유아
케이스틴정(아젤라스틴염산염)_(1mg/1정),급여,6,세 이하,주식회사제뉴원사이언스,소아
아제쿨틴정(아젤라스틴염산염)_(1mg/1정),급여,6,세 이하,(주)시어스제약,소아
글로스틴정(아젤라스틴염산염)_(1mg/1정),급여,6,세 이하,(주)한국글로벌제약,소아
트라마셋서방정_(1정),급여,12,세 미만,제이더블유신약(주),소아
트라마셋세미서방정_(1정),급여,12,세 미만,제이더블유신약(주),소아
슈퍼셋정_(1정),급여,12,세 미만,한국유나이티드제약(주),소아
슈퍼셋세미정_(1정),급여,12,세 미만,한국유나이티드제약(주),소아
젠트라셋정_(1정),급여,12,세 미만,조아제약(주),소아
젠트라셋세미정_(1정),급여,12,세 미만,조아제약(주),소아
울트라스크세미정_(1정),급여,12,세 미만,에스케이케미칼(주),소아
울트라스크정_(1정),급여,12,세 미만,에스케이케미칼(주),소아
스타리셋정_(1정),급여,12,세 미만,태극제약(주),소아
마도파에취비에스캅셀125_(1캡슐),급여,25,세 미만,(주)한국로슈,고령자
마도파확산정125_(1정),급여,25,세 미만,(주)한국로슈,고령자
웰트라정_(1정),급여,12,세 미만,(주)에이프로젠바이오로직스,소아
코프난시럽_(20mL),급여,12,세 미만,(주)에이프로젠바이오로직스,소아
코프난시럽_(500mL),급여,12,세 미만,(주)에이프로젠바이오로직스,소아
웰트라세미정_(1정),급여,12,세 미만,(주)에이프로젠바이오로직스,소아
네오덱스안연고_(5g),급여,4,주 미만,한림제약(주),소아
엔시트라세미정_(1정),급여,12,세 미만,한림제약(주),소아
엔시트라정_(1정),급여,12,세 미만,한림제약(주),소아
브리딘플러스점안액_(0.3mL),급여,2,세 미만,한림제약(주),영유아
브리딘플러스점안액_(5mL),급여,2,세 미만,한림제약(주),영유아
엔시트라서방정_(1정),급여,12,세 미만,한림제약(주),소아
독시정(독시사이클린수화물)_(0.1g/1정),급여,12,세 미만,(주)하원제약,소아
듀세타캡슐30밀리그램(둘록세틴염산염)_(33.7mg/1캡슐),급여,18,세 미만,(주)메디카코리아,청소년
듀로세틴캡슐30밀리그램(둘록세틴염산염)_(33.7mg/1캡슐),급여,18,세 미만,한국코러스(주),청소년
세바타캡슐30밀리그램(둘록세틴염산염)_(33.65mg/1캡슐),급여,18,세 미만,삼진제약(주),청소년
유록틴캡슐30밀리그램(둘록세틴염산염)_(33.7mg/1캡슐),급여,18,세 미만,(주)유영제약,청소년
듀로센캡슐30밀리그램(둘록세틴염산염)_(33.7mg/1캡슐),급여,18,세 미만,유니메드제약(주),청소년
드록틴캡슐30mg(둘록세틴염산염)_(0.1765g/1캡슐),급여,18,세 미만,명인제약(주),청소년
마이셀타캡슐30밀리그램(둘록세틴염산염)_(33.7mg/1캡슐),급여,18,세 미만,(주)한국파마,청소년
둘세린캡슐30밀리그램(둘록세틴염산염)_(33.7mg/1캡슐),급여,18,세 미만,동국제약(주),청소년
듀로셉톨캡슐30밀리그램(둘록세틴염산염)_(33.645mg/1캡슐),급여,18,세 미만,환인제약(주),청소년
듀로스캡슐30밀리그램(둘록세틴염산염)_(33.7mg/1캡슐),급여,18,세 미만,하나제약(주),청소년
심발타캡슐30밀리그램(둘록세틴염산염)_(33.7mg/1캡슐),급여,18,세 미만,한국릴리(유),청소년
심발세틴캡슐30밀리그램(둘록세틴염산염)_(0.1685g/1캡슐),급여,18,세 미만,(주)다산제약,청소년
둘세틴캡슐30밀리그램(둘록세틴염산염)_(33.7mg/1캡슐),급여,18,세 미만,(주)한국글로벌제약,청소년
프로딘정250mg(시프로플록사신염산염수화물)_(0.291g/1정),급여,18,세 미만,(주)씨엠지제약,청소년
싸이프로신정250mg(시프로플록사신염산염수화물)_(0.291g/1정),급여,18,세 미만,한국휴텍스제약(주),청소년
"참염산시프로플록사신정_(시프로플록사신염산염수화물, 0.291g/1정)",급여,18,세 미만,유니메드제약(주),청소년
씨록신정250밀리그램(시프로플록사신염산염수화물)_(0.291g/1정),급여,18,세 미만,진양제약(주),청소년
씨에프정250mg(시프로플록사신염산염)_(0.291g/1정),급여,18,세 미만,삼천당제약(주),청소년
싸이로칸정250밀리그램(시프로플록사신염산염수화물)_(0.291g/1정),급여,18,세 미만,(주)하원제약,청소년
케이사신정250밀리그람(시프로플록사신염산염수화물)_(0.291g/1정),급여,18,세 미만,알보젠코리아(주),청소년
파마시프로플록사신정(시프로플록사신염산염수화물)(수출명1:시프로메드250mg)(수출명2:프록시프로정250mg)(수출명3:시프로플록스정250mg)(수출명4:시플록신정250mg)_(0.291g/1정),급여,18,세 미만,(주)한국파마,청소년
시프라신정250밀리그램(시프로플록사신염산염수화물)_(0.291g/1정),급여,18,세 미만,동국제약(주),청소년
신일시프로플록사신염산염수화물정_(0.291g/1정),급여,18,세 미만,신일제약(주),청소년
메가록신정250밀리그램(시프로플록사신염산염수화물)_(0.291g/1정),급여,18,세 미만,오스틴제약(주),청소년
싸이스펙정250밀리그람(시프로플록사신염산염)_(0.291g/1정),급여,18,세 미만,케이엠에스제약(주),청소년
알리코염산시프로플록사신정250밀리그람_(0.291g/1정),급여,18,세 미만,알리코제약(주),청소년
씨프록탄정250밀리그램(시프로플록사신염산염수화물)_(0.291g/1정),급여,18,세 미만,한국넬슨제약(주),청소년
시프록신정(시프로플록사신염산염수화물)_(0.291g/1정),급여,18,세 미만,(주)동구바이오제약,청소년
미래시프로플록사신정_(0.25g/1정),급여,18,세 미만,미래바이오제약(주),청소년
씨프론정250mg(시프로플록사신염산염수화물)_(0.291g/1정),급여,18,세 미만,하나제약(주),청소년
데팍신서방정50밀리그램(데스벤라팍신)_(50mg/1정),급여,18,세 미만,환인제약(주),청소년
데팍신서방정100밀리그램(데스벤라팍신)_(0.1g/1정),급여,18,세 미만,환인제약(주),청소년
데팍신서방정25밀리그램(데스벤라팍신)_(25mg/1정),급여,18,세 미만,환인제약(주),청소년
프리넥사서방정50밀리그램(데스벤라팍신벤조산염)_(73.185mg/1정),급여,18,세 미만,한림제약(주),청소년
에스벤서방정50밀리그램(데스벤라팍신벤조산염)_(73.185mg/1정),급여,18,세 미만,명인제약(주),청소년
데스베라서방정50밀리그램(데스벤라팍신벤조산염)_(73.185mg/1정),급여,18,세 미만,(주)넥스팜코리아,청소년
프리넥사서방정100밀리그램(데스벤라팍신벤조산염)_(0.14637g/1정),급여,18,세 미만,한림제약(주),청소년
에스벤서방정100밀리그램(데스벤라팍신벤조산염)_(0.14637g/1정),급여,18,세 미만,명인제약(주),청소년
데스베라서방정100밀리그램(데스벤라팍신벤조산염)_(0.14637g/1정),급여,18,세 미만,(주)넥스팜코리아,청소년
프리스틱서방정50밀리그램(데스벤라팍신숙신산염일수화물)_(75.87mg/1정),급여,18,세 미만,한국화이자제약(주),청소년
프리스틱서방정100밀리그램(데스벤라팍신숙신산염일수화물)_(0.15177g/1정),급여,18,세 미만,한국화이자제약(주),청소년
파마데스벤라팍신서방정100밀리그램(데스벤라팍신숙신산염일수화물)_(0.15177g/1정),급여,18,세 미만,(주)한국파마,청소년
케랄주(덱스케토프로펜트로메타몰)_(73.8mg/2mL),급여,12,세 이하,한국메나리니(주),소아
명인디아제팜정10밀리그람_(10mg/1정),급여,6,개월 이하,명인제약(주),영유아
삼진디아제팜정2밀리그람_(2mg/1정),급여,6,개월 이하,삼진제약(주),영유아
명인디아제팜정2밀리그람_(2mg/1정),급여,6,개월 이하,명인제약(주),영유아
대원디아제팜정2밀리그램(수출명:디아잠정2밀리그램)(수출명2:트레즈콘정2밀리그램)_(2mg/1정),급여,6,개월 이하,대원제약(주),영유아
바리움정5밀리그람(디아제팜)_(5mg/1정),급여,6,개월 이하,(주)종근당,영유아
삼진디아제팜정5밀리그람_(5mg/1정),급여,6,개월 이하,삼진제약(주),영유아
명인디아제팜정5밀리그람_(5mg/1정),급여,6,개월 이하,명인제약(주),영유아
삼진디아제팜주_(10mg/2mL),급여,4,주 미만,삼진제약(주),소아
대원디아제팜주사액(수출명:데팜주사액(디아제팜))_(10mg/2mL),급여,4,주 미만,대원제약(주),소아
신풍디클로페낙나트륨주(수출명: SHINPOONG CLOFEN Injection))_(75mg/3mL),급여,4,주 미만,신풍제약(주),소아
메디카디클로페낙주(디클로페낙나트륨)_(75mg/2mL),급여,4,주 미만,(주)메디카코리아,소아
소페낙주사(디클로페낙나트륨)_(75mg/2mL),급여,4,주 미만,아주약품(주),소아
엔시트라세미서방정_(1정),급여,12,세 미만,한림제약(주),소아
트라마롤서방정_(1정),급여,12,세 미만,제일약품(주),소아
트라마롤세미서방정_(1정),급여,12,세 미만,제일약품(주),소아
트라마롤세미정_(1정),급여,12,세 미만,제일약품(주),소아
트라마롤정_(1정),급여,12,세 미만,제일약품(주),소아
메가셋정_(1정),급여,12,세 미만,대화제약(주),소아
메가셋세미정_(1정),급여,12,세 미만,대화제약(주),소아
코데날액_(1000mL),급여,12,세 미만,삼아제약(주),소아
코데날액_(500mL),급여,12,세 미만,삼아제약(주),소아
코데날정_(1정),급여,12,세 미만,삼아제약(주),소아
코데날시럽_(20mL),급여,12,세 미만,삼아제약(주),소아
코데날시럽_(500mL),급여,12,세 미만,삼아제약(주),소아
코데농정_(1정),급여,12,세 미만,동광제약(주),소아
타라셋세미정_(1정),급여,12,세 미만,동광제약(주),소아
타라셋정_(1정),급여,12,세 미만,동광제약(주),소아
타라셋서방정_(1정),급여,12,세 미만,동광제약(주),소아
타라셋세미서방정_(1정),급여,12,세 미만,동광제약(주),소아
페나셋세미정_(1정),급여,12,세 미만,(주)메디카코리아,소아
페나셋정_(1정),급여,12,세 미만,(주)메디카코리아,소아
올펜정_(1정),급여,12,세 미만,(주)뉴젠팜,소아
올펜세미정_(1정),급여,12,세 미만,(주)뉴젠팜,소아
프레즈코빅스정_(1정),급여,36,개월 미만,(주)한국얀센,영유아
울트라셋정_(1정),급여,12,세 미만,(주)한국얀센,소아
울트라셋세미정_(1정),급여,12,세 미만,(주)한국얀센,소아
영풍독시사이클린정100밀리그램_(0.1g/1정),급여,12,세 미만,영풍제약(주),소아
유로독시정(독시사이클린수화물)_(0.1g/1정),급여,12,세 미만,주식회사큐엘파마,소아
독시엔디정(독시사이클린수화물)_(0.1g/1정),급여,12,세 미만,(주)티디에스팜,소아
독시크정50밀리그램(독시사이클린수화물)_(50mg/1정),급여,12,세 미만,(주)바이넥스,소아
듀록틴캡슐30밀리그램(둘록세틴염산염)_(33.7mg/1캡슐),급여,18,세 미만,건일바이오팜주식회사,청소년
두울세틴캡슐30밀리그램(둘록세틴염산염)_(33.7mg/1캡슐),급여,18,세 미만,(주)마더스제약,청소년
둘로틴캡슐30밀리그램(둘록세틴염산염)_(33.7mg/1캡슐),급여,18,세 미만,(주)이든파마,청소년
듀록타캡슐30밀리그램(둘록세틴염산염)_(33.7mg/1캡슐),급여,18,세 미만,에이치케이이노엔(주),청소년
투발타캡슐30밀리그램(둘록세틴염산염)_(33.7mg/1캡슐),급여,18,세 미만,현대약품(주),청소년
듀로프렉스캡슐30밀리그램(둘록세틴염산염)_(33.7mg/1캡슐),급여,18,세 미만,고려제약(주),청소년
두셀라캡슐30밀리그램(둘록세틴염산염)_(33.7mg/1캡슐),급여,18,세 미만,한림제약(주),청소년
동광둘록세틴캡슐30밀리그램(둘록세틴염산염)_(33.7mg/1캡슐),급여,18,세 미만,동광제약(주),청소년
시록신정250mg(시프로플록사신염산염)_(0.291g/1정),급여,18,세 미만,(주)비보존제약,청소년
시푸로신정(시프로플록사신염산염수화물)_(0.291g/1정),급여,18,세 미만,이연제약(주),청소년
알피시프록정250mg(시프로플록사신염산염수화물)_(0.291g/1정),급여,18,세 미만,(주)알피바이오,청소년
푸로포신정250밀리그램(시프로플록사신염산염수화물)_(0.291g/1정),급여,18,세 미만,영풍제약(주),청소년
씨프록정250밀리그램(시프로플록사신염산염수화물)_(0.291g/1정),급여,18,세 미만,(주)넥스팜코리아,청소년
록신정250밀리그램(시프로플록사신염산염수화물)_(0.291g/1정),급여,18,세 미만,한국프라임제약(주),청소년
씨트로정(시프로플록사신염산염수화물)_(0.291g/1정),급여,18,세 미만,(주)경보제약,청소년
씨티신정(시프로플록사신염산염수화물)_(0.291g/1정),급여,18,세 미만,(주)씨티씨바이오,청소년
뉴록사신정(시프로플록사신염산염수화물)_(0.291g/1정),급여,18,세 미만,구주제약(주),청소년
에프로신정(시프로플록사신염산염수화물)_(0.291g/1정),급여,18,세 미만,대한뉴팜(주),청소년
팜젠시프로플록사신정250mg(시프로플록사신염산염)_(0.291g/1정),급여,18,세 미만,(주)팜젠사이언스,청소년
프록사신바이정(시프로플록사신염산염수화물)_(0.291g/1정),급여,18,세 미만,(주)휴온스,청소년
시플록신정250밀리그램(시프로플록사신염산염수화물)_(0.291g/1정),급여,18,세 미만,주식회사제뉴원사이언스,청소년
싸이러스정250밀리그램(시프로플록사신염산염수화물)_(0.291g/1정),급여,18,세 미만,주식회사큐엘파마,청소년
시프사신정250밀리그램(시프로플록사신염산염수화물)_(0.291g/1정),급여,18,세 미만,(주)다산제약,청소년
씨큐로베이정250밀리그램(시프로플록사신염산염수화물)_(0.291g/1정),급여,18,세 미만,(주)티디에스팜,청소년
씨팍신정250밀리그램(시프로플록사신염산염수화물)_(0.291g/1정),급여,18,세 미만,동방에프티엘(주),청소년
디크놀주사(디클로페낙β-디메틸아미노에탄올)_(90mg/3mL),급여,4,주 미만,명문제약(주),소아
쥴로틴캡슐30밀리그램(둘록세틴염산염)_(33.65mg/1캡슐),급여,18,세 미만,(주)셀트리온제약,청소년
트라몰8시간서방정650밀리그람(아세트아미노펜)_(0.65g/1정),급여,12,세 미만,코오롱제약(주),소아
세타펜8시간이알서방정650밀리그램(아세트아미노펜)_(0.65g/1정),급여,12,세 미만,(주)보령바이오파마,소아
타이레놀8시간이알서방정(아세트아미노펜)_(0.65g/1정),급여,12,세 미만,한국존슨앤드존슨판매(유),소아
타미스펜8시간이알서방정(아세트아미노펜)_(0.65g/1정),급여,12,세 미만,(주)한국글로벌제약,소아
아니스펜8시간이알서방정(아세트아미노펜)_(0.65g/1정),급여,12,세 미만,(주)제뉴파마,소아
알나졸정400밀리그람(알벤다졸)_(0.4g/1정),급여,2,세 미만,태극제약(주),영유아
벤다졸정(알벤다졸)_(0.4g/1정),급여,2,세 미만,한국코러스(주),영유아
벤티졸정(알벤다졸)_(0.4g/1정),급여,2,세 미만,(주)라이트팜텍,영유아
폴라리스정(아미설프리드)_(0.4g/1정),급여,15,세 미만,유니메드제약(주),청소년
아미썰정400밀리그램(아미설피리드)_(0.4g/1정),급여,15,세 미만,명인제약(주),청소년
솔리안정400밀리그램(아미설프리드)_(0.4g/1정),급여,15,세 미만,(주)한독,청소년
아칸솔정400mg(아미설프리드)_(0.4g/1정),급여,15,세 미만,(주)한국파마,청소년
폴라리스정100밀리그램(아미설피리드)_(0.1g/1정),급여,15,세 미만,유니메드제약(주),청소년
아미썰정100밀리그램(아미설피리드)_(0.1g/1정),급여,15,세 미만,명인제약(주),청소년
솔리안정100밀리그램(아미설프리드)_(0.1g/1정),급여,15,세 미만,(주)한독,청소년
아칸솔정100mg(아미설프리드)_(0.1g/1정),급여,15,세 미만,(주)한국파마,청소년
아미썰정200밀리그램(아미설피리드)_(0.2g/1정),급여,15,세 미만,명인제약(주),청소년
솔리안정200밀리그램(아미설프리드)_(0.2g/1정),급여,15,세 미만,(주)한독,청소년
누비질정150밀리그램(아모다피닐)_(0.15g/1정),급여,18,세 미만,(주)한독테바,청소년
누비질정250밀리그램(아모다피닐)_(0.25g/1정),급여,18,세 미만,(주)한독테바,청소년
레야타즈캡슐200밀리그램(아타자나비어황산염)_(0.22779g/1캡슐),급여,3,개월 미만,(유)한국비엠에스제약,영유아
아토목신캡슐10mg(아토목세틴염산염)_(11.43mg/1캡슐),급여,6,세 미만,명인제약(주),소아
환인아토목세틴캡슐10밀리그램(아토목세틴염산염)_(11.43mg/1캡슐),급여,6,세 미만,환인제약(주),소아
울트라셋이알서방정_(1정),급여,12,세 미만,(주)한국얀센,소아
울트라셋이알세미서방정_(1정),급여,12,세 미만,(주)한국얀센,소아
라노펜정_(1정),급여,12,세 미만,한국코러스(주),소아
라노펜세미정_(1정),급여,12,세 미만,한국코러스(주),소아
마이티셋정_(1정),급여,12,세 미만,에이치엘비제약(주),소아
마이티셋세미정_(1정),급여,12,세 미만,에이치엘비제약(주),소아
시너젯정_(1정),급여,12,세 미만,삼진제약(주),소아
시너젯이알서방정_(1정),급여,12,세 미만,삼진제약(주),소아
시너젯이알세미서방정_(1정),급여,12,세 미만,삼진제약(주),소아
시너젯세미정_(1정),급여,12,세 미만,삼진제약(주),소아
메가스펜정_(1정),급여,12,세 미만,경동제약(주),소아
투윈에취시럽_(20mL),급여,12,세 미만,경동제약(주),소아
투윈에취시럽_(500mL),급여,12,세 미만,경동제약(주),소아
트리마셋세미정_(1정),급여,12,세 미만,(주)유영제약,소아
트리마셋정_(1정),급여,12,세 미만,(주)유영제약,소아
트라노펜세미정_(1정),급여,12,세 미만,신풍제약(주),소아
트라노펜정_(1정),급여,12,세 미만,신풍제약(주),소아
아세라노세미정_(1정),급여,12,세 미만,(주)씨엠지제약,소아
아세라노정_(1정),급여,12,세 미만,(주)씨엠지제약,소아
아세트라셋세미정_(1정),급여,12,세 미만,풍림무약(주),소아
아세트라셋정_(1정),급여,12,세 미만,풍림무약(주),소아
아세트라셋세미서방정_(1정),급여,12,세 미만,풍림무약(주),소아
에이셋정_(1정),급여,12,세 미만,한국휴텍스제약(주),소아
에이셋서방정_(1정),급여,12,세 미만,한국휴텍스제약(주),소아
에이셋세미서방정_(1정),급여,12,세 미만,한국휴텍스제약(주),소아
에이셋세미정_(1정),급여,12,세 미만,한국휴텍스제약(주),소아
알파몬피점안액0.15%(브리모니딘타르타르산염)_(9mg/6mL),급여,2,세 미만,국제약품(주),영유아
부토판주사1밀리그람/밀리리터(부토르파놀타르타르산염)_(1mg/1mL),급여,18,세 이하,명문제약(주),청소년
부토판주사2밀리그람/밀리리터(부토르파놀타르타르산염)_(2mg/1mL),급여,18,세 이하,명문제약(주),청소년
인트로세티리진염산염정_(10mg/1정),급여,6,세 미만,(주)인트로바이오파마,소아
알세진정10밀리그램(세티리진염산염)_(10mg/1정),급여,6,세 미만,(주)휴온스생명과학,소아
알레드정(세티리진염산염)_(10mg/1정),급여,6,세 미만,일양약품(주),소아
알러텍정(세티리진염산염)_(10mg/1정),급여,6,세 미만,고려제약(주),소아
세노바정(세티리진염산염)_(10mg/1정),급여,6,세 미만,일동제약(주),소아
티리진정(세티리진염산염)_(10mg/1정),급여,6,세 미만,한미약품(주),소아
쥬르택정(세티리진염산염)_(10mg/1정),급여,6,세 미만,조아제약(주),소아
알러비정(세티리진염산염)_(10mg/1정),급여,6,세 미만,태극제약(주),소아
알메텍정(세티리진염산염)_(10mg/1정),급여,6,세 미만,(주)에이프로젠바이오로직스,소아
"알티린정(세티리진염산염)(수출명:Vilex, Cetirin)_(10mg/1정)",급여,6,세 미만,대화제약(주),소아
동광염산세티리진정_(10mg/1정),급여,6,세 미만,동광제약(주),소아
아루텍정(세티리진염산염)_(10mg/1정),급여,6,세 미만,(주)메디카코리아,소아
"세라진정(세티리진염산염)[수출명: Cera tablet, Allergen tablet, Unizef tablet, Highcera tablet]_(10mg/1정)",급여,6,세 미만,삼진제약(주),소아
쎄로테정(세티리진염산염)_(10mg/1정),급여,6,세 미만,(주)씨엠지제약,소아
세트린정(세티리진염산염)(수출명:ANTIRIZINtab)_(10mg/1정),급여,6,세 미만,한국휴텍스제약(주),소아
지엘세티리진염산염정_(10mg/1정),급여,6,세 미만,지엘파마(주),소아
하원세티리진정(세티리진염산염)_(10mg/1정),급여,6,세 미만,(주)하원제약,소아
세티진정(세티리진염산염)_(10mg/1정),급여,6,세 미만,삼남제약(주),소아
신일세티리진정(세티리진염산염)(수출명:RAMILLAN Tab.)_(10mg/1정),급여,6,세 미만,신일제약(주),소아
지르텍정(세티리진염산염)_(10mg/1정),급여,6,세 미만,한국유씨비제약(주),소아
알지렉스정(세티리진염산염)_(10mg/1정),급여,6,세 미만,오스틴제약(주),소아
"코나진정(세티리진염산염)(수출명:알리코염산세티리진정,보파세티리진나정,자이조세트정)_(10mg/1정)",급여,6,세 미만,알리코제약(주),소아
쎄르텍정(세티리진염산염)_(10mg/1정),급여,6,세 미만,(주)바스칸바이오제약,소아
알드라민정(세티리진염산염)_(10mg/1정),급여,6,세 미만,익수제약(주),소아
알레리진정(세티리진염산염)_(10mg/1정),급여,6,세 미만,이연제약(주),소아
